NomeUC;Cnuc;CriacaoAno;AreaHaAlb;PerimM;CriacaoAto;EsferaAdm;SiglaCateg;GrupoUC;UFAbrang;BiomaIBGE;BiomaCRL;GRegional;FusoAbrang;Demarcacao;EscalaUC;NGI
ÁREA DE PROTEÇÃO AMBIENTAL ANHATOMIRIM;0000.00.0001;1992;4436,59022726871;36563,4553;DEC  528 de 20/05/1992;Federal;APA;US;SC;MATA ATLÂNTICA;MATA ATLÂNTICA e MARINHO COSTEIRO;GR5;22S;Dado não disponível;Dado não disponível;ICMBio Florianópolis
ÁREA DE PROTEÇÃO AMBIENTAL BACIA DO PARAÍBA DO SUL;0000.00.1521;1982;292599,92425641400;1073712,9591;DEC  87.561 de 13/09/1982;Federal;APA;US;MG/RJ/SP;MATA ATLÂNTICA;MATA ATLÂNTICA;GR4;23S;Dado não disponível;Dado não disponível;ICMBio Rio Paraíba do Sul
ÁREA DE PROTEÇÃO AMBIENTAL CARSTE DE LAGOA SANTA;0000.00.0020;1996;37735,57723978440;137567,4012;"DEC 98.881 de 25/01/1990; DEC 1.876 de 25/04/1996";Federal;APA;US;MG;CERRADO;CERRADO;GR4;23S;Dado não disponível;Dado não disponível;Não nucleada
ÁREA DE PROTEÇÃO AMBIENTAL CAVERNAS DO PERUAÇU;0000.00.0002;1989;143355,58571885300;225638,8150;DEC  98.182 de 26/09/1989;Federal;APA;US;MG;CERRADO;CAATINGA e CERRADO;GR4;23S;Dado não disponível;Dado não disponível;ICMBio Peruaçu
ÁREA DE PROTEÇÃO AMBIENTAL COSTA DAS ALGAS;0000.00.1912;2010;115001,92224390600;219217,4612;DEC S/N de 17/06/2010;Federal;APA;US;ES;MARINHO COSTEIRO;MARINHO COSTEIRO;GR4;24S;Dado não disponível;Dado não disponível;Não nucleada
ÁREA DE PROTEÇÃO AMBIENTAL DA ARARINHA AZUL;0000.00.3696;2018;90641,91773440710;271274,2536;DEC 9.402 de 05/06/2018;Federal;APA;US;BA;CAATINGA;CAATINGA;GR2;24S;Dado não disponível;Dado não disponível;ICMBio Juazeiro
ÁREA DE PROTEÇÃO AMBIENTAL DA BACIA DO RIO DESCOBERTO;0000.00.0003;1983;41783,61394666470;93435,2029;DEC  88.940 de 07/11/1983;Federal;APA;US;GO/DF;CERRADO;CERRADO;GR3;22S;Dado não disponível;Dado não disponível;ICMBio Descoberto-Brasília
ÁREA DE PROTEÇÃO AMBIENTAL DA BACIA DO RIO SÃO BARTOLOMEU;0000.00.0004;1983;82680,80363523200;176700,7087;DEC  88.940 de 07/11/1983;Federal;APA;US;DF;CERRADO;CERRADO;GR3;23S;Dado não disponível;Dado não disponível;Não nucleada
ÁREA DE PROTEÇÃO AMBIENTAL DA BACIA DO RIO SÃO JOÃO/MICO-LEÃO-DOURADO;0000.00.0005;2002;150374,60677371700;369887,7805;DEC S/N de 27/06/2002;Federal;APA;US;RJ;MATA ATLÂNTICA;MATA ATLÂNTICA;GR4;23S;Dado não disponível;Dado não disponível;ICMBio Mico-Leão-Dourado
ÁREA DE PROTEÇÃO AMBIENTAL DA BALEIA FRANCA;0000.00.0006;2000;154867,40351635500;405831,5484;DEC S/N de 14/09/2000;Federal;APA;US;SC;MATA ATLÂNTICA;MATA ATLÂNTICA e MARINHO COSTEIRO;GR5;22S;Dado não disponível;Dado não disponível;Não nucleada
ÁREA DE PROTEÇÃO AMBIENTAL DA BARRA DO RIO MAMANGUAPE;0000.00.0007;1993;14917,79120478110;81747,9430;"DEC  924 de 10/09/1993; DEC S;N 7/04/1998";Federal;APA;US;PB;MATA ATLÂNTICA;MARINHO COSTEIRO e MATA ATLÂNTICA;GR2;25S;Dado não disponível;Dado não disponível;ICMBio Mamanguape
ÁREA DE PROTEÇÃO AMBIENTAL DA CHAPADA DO ARARIPE;0000.00.0008;1997;972605,18190312000;2217957,5795;DEC S/N de 04/08/1997;Federal;APA;US;PI/CE/PE;CAATINGA;CAATINGA;GR2;24S;Dado não disponível;Dado não disponível;Não nucleada
ÁREA DE PROTEÇÃO AMBIENTAL DA COSTA DOS CORAIS;0000.00.0009;1997;405642,39717381500;568580,9097;DEC S/N de 23/10/1997;Federal;APA;US;PE/AL;MARINHO COSTEIRO;MARINHO COSTEIRO;GR2;25S;Dado não disponível;Dado não disponível;ICMBio Costa dos Corais
ÁREA DE PROTEÇÃO AMBIENTAL DA REGIÃO SERRANA DE PETRÓPOLIS;0000.00.0010;1982;68224,29480905600;331888,7584;"DEC  87.561 de 13/09/1982; DEC  527 de 20/05/1992";Federal;APA;US;RJ;MATA ATLÂNTICA;MATA ATLÂNTICA;GR4;23S;Dado não disponível;Dado não disponível;ICMBio Teresópolis
ÁREA DE PROTEÇÃO AMBIENTAL DA SERRA DA MANTIQUEIRA;0000.00.0011;1985;437525,10074040900;1153005,4835;"DEC  91.304 de 03/06/1985; LEI 9.097 de 19/09/1995";Federal;APA;US;MG/RJ/SP;MATA ATLÂNTICA;MATA ATLÂNTICA;GR4;23S;Dado não disponível;Dado não disponível;ICMBio Mantiqueira
ÁREA DE PROTEÇÃO AMBIENTAL DAS ILHAS E VÁRZEAS DO RIO PARANÁ;0000.00.0025;1997;1005188,38526850000;860270,7669;DEC S/N de 30/09/1997;Federal;APA;US;SP/PR/MS;MATA ATLÂNTICA;MATA ATLÂNTICA;GR5;21S;Dado não disponível;Dado não disponível;ICMBio Rio Paraná
ÁREA DE PROTEÇÃO AMBIENTAL DAS NASCENTES DO RIO VERMELHO;0000.00.0028;2001;176324,32626389700;257649,9959;DEC S/N de 27/09/2001;Federal;APA;US;BA/GO;CERRADO;CERRADO;GR3;23S;Dado não disponível;Dado não disponível;ICMBio Mambaí
ÁREA DE PROTEÇÃO AMBIENTAL DE CAIRUÇU;0000.00.0013;1983;32610,77791045300;282569,8916;DEC  89.242 de 27/12/1983;Federal;APA;US;RJ/SP;MATA ATLÂNTICA;MATA ATLÂNTICA e MARINHO COSTEIRO;GR4;23S;Dado não disponível;Dado não disponível;ICMBio Paraty
ÁREA DE PROTEÇÃO AMBIENTAL DE CANANÉIA-IGUAPE-PERUÍBE;0000.00.0014;1984;202309,58068684700;642826,9383;"DEC  90.347 de 23/10/1984; DEC  91.892 de 6/11/1985";Federal;APA;US;SP;MATA ATLÂNTICA;MATA ATLÂNTICA e MARINHO COSTEIRO;GR4;23S;Dado não disponível;Dado não disponível;ICMBio Iguape
ÁREA DE PROTEÇÃO AMBIENTAL DE FERNANDO DE NORONHA - ROCAS - SÃO PEDRO E SÃO PAULO;0000.00.0015;1986;154405,81562531400;418252,9600;DEC 92.755 de 05/06/1986;Federal;APA;US;PE;MARINHO COSTEIRO;MARINHO COSTEIRO;GR2;25S;Dado não disponível;Dado não disponível;ICMBio Noronha
ÁREA DE PROTEÇÃO AMBIENTAL DE GUAPI-MIRIM;0000.00.0016;1984;13890,53822410950;69766,0026;DEC  90.225 de 25/09/1984;Federal;APA;US;RJ;MATA ATLÂNTICA;MATA ATLÂNTICA;GR4;23S;Dado não disponível;Dado não disponível;ICMBio Teresópolis
ÁREA DE PROTEÇÃO AMBIENTAL DE GUARAQUEÇABA;0000.00.0017;1985;282446,36470560200;260771,8106;DEC  90.883 de 31/01/1985;Federal;APA;US;SP/PR;MATA ATLÂNTICA;MATA ATLÂNTICA;GR5;22S;Dado não disponível;Dado não disponível;ICMBio Antonina-Guaraqueçaba
ÁREA DE PROTEÇÃO AMBIENTAL DE PIAÇABUÇU;0000.00.0018;1983;9107,00970877871;50312,6535;DEC  88.421 de 21/06/1983;Federal;APA;US;AL;MATA ATLÂNTICA;MATA ATLÂNTICA;GR2;24S;Dado não disponível;Dado não disponível;Não nucleada
ÁREA DE PROTEÇÃO AMBIENTAL DELTA DO PARNAÍBA;0000.00.0019;1996;309593,77070338800;544451,2949;DEC S/N de 28/08/1996;Federal;APA;US;MA/PI/CE;CERRADO;CERRADO, CAATINGA e MARINHO COSTEIRO;GR2;23S e 24S;Dado não disponível;Dado não disponível;Não nucleada
ÁREA DE PROTEÇÃO AMBIENTAL DO ARQUIPÉLAGO DE SÃO PEDRO E SÃO PAULO;0000.00.3643;2018;38450193,81330000000;3260523,5145;DEC 9.313 de 19/03/2018;Federal;APA;US;PB;MARINHO COSTEIRO;MARINHO COSTEIRO;GR2;25S e 26S;Dado não disponível;Dado não disponível;ICMBio Noronha
ÁREA DE PROTEÇÃO AMBIENTAL DO ARQUIPÉLAGO DE TRINDADE E MARTIM VAZ;0000.00.3633;2018;40385419,58510000000;4022824,1677;DEC 9.312 de 19/03/2018;Federal;APA;US;BA;MARINHO COSTEIRO;MARINHO COSTEIRO;GR2;25S e 26S;Dado não disponível;Dado não disponível;ICMBio Grandes Unidades Oce├ónicas
ÁREA DE PROTEÇÃO AMBIENTAL DO BOQUEIRÃO DA ONÇA;0000.00.3655;2018;505694,32552823600;606137,9699;DEC 9.337 de 05/04/2018;Federal;APA;US;BA;CAATINGA;CAATINGA;GR2;24S;Dado não disponível;Dado não disponível;ICMBio Juazeiro
ÁREA DE PROTEÇÃO AMBIENTAL DO IBIRAPUITÃ;0000.00.0021;1992;316792,01539998600;274760,4060;DEC  529 de 20/05/1992;Federal;APA;US;RS;PAMPA;PAMPA;GR5;21S;Dado não disponível;Dado não disponível;Não nucleada
ÁREA DE PROTEÇÃO AMBIENTAL DO IGARAPÉ GELADO;0000.00.0022;1989;23285,08656098570;149251,1275;DEC  97.718 de 05/05/1989;Federal;APA;US;PA;AMAZÔNIA;AMAZÔNIA;GR1;22S;Dado não disponível;Dado não disponível;Não nucleada
ÁREA DE PROTEÇÃO AMBIENTAL DO PLANALTO CENTRAL;0000.00.0023;2002;503423,35772161200;1155836,0927;DEC S/N de 10/01/2002;Federal;APA;US;GO/DF;CERRADO;CERRADO;GR3;23S;Dado não disponível;Dado não disponível;Não nucleada
ÁREA DE PROTEÇÃO AMBIENTAL DO TAPAJÓS;0000.00.0268;2006;2040336,83807383000;3086223,4244;"DEC S/N de 13/02/2006; LEI 12.678 de 25/06/2012";Federal;APA;US;PA;AMAZÔNIA;AMAZÔNIA;GR1;21S;Dado não disponível;Dado não disponível;Unidade Especial Avançada - UNA Itaituba
ÁREA DE PROTEÇÃO AMBIENTAL DOS CAMPOS DE MANICORÉ;0000.00.3407;2016;152410,20320828300;239828,7325;DEC S/N de 11/05/2016;Federal;APA;US;AM;AMAZÔNIA;AMAZÔNIA;GR1;20S;Dado não disponível;Dado não disponível;ICMBio Humaitá
ÁREA DE PROTEÇÃO AMBIENTAL DOS MEANDROS DO RIO ARAGUAIA;0000.00.0024;1998;359194,09219235100;582685,2566;DEC S/N de 02/10/1998;Federal;APA;US;MT/GO;CERRADO;CERRADO;GR3;22S;Dado não disponível;Dado não disponível;ICMBio Meandros do Araguaia
ÁREA DE PROTEÇÃO AMBIENTAL MORRO DA PEDREIRA;0000.00.0027;1990;131770,83925695700;216244,6455;DEC  98.891 de 26/01/1990;Federal;APA;US;MG;CERRADO;CERRADO e MATA ATLÂNTICA;GR4;23S;Dado não disponível;Dado não disponível;ICMBio Cipó-Pedreira
ÁREA DE PROTEÇÃO AMBIENTAL SERRA DA IBIAPABA;0000.00.0029;1996;1628450,08109122000;870763,8916;DEC S/N de 26/11/1996;Federal;APA;US;PI/CE;CAATINGA;CAATINGA e CERRADO;GR2;24S;Dado não disponível;Dado não disponível;Não nucleada
ÁREA DE PROTEÇÃO AMBIENTAL SERRA DA MERUOCA;0000.00.1683;2008;29361,74242642590;195064,2155;LEI 11.891 de 24/12/2008;Federal;APA;US;CE;CAATINGA;CAATINGA;GR2;24S;Dado não disponível;Dado não disponível;Não nucleada
ÁREA DE PROTEÇÃO AMBIENTAL SERRA DA TABATINGA;0000.00.0012;1990;41779,60774728720;119496,5193;"DEC  99.278 de 06/06/1990; DEC S/N de 16/07/2002";Federal;APA;US;MA/PI;CERRADO;CERRADO;GR2;23S;Dado não disponível;Dado não disponível;Não nucleada
ÁREA DE RELEVANTE INTERESSE ECOLÓGICO BURITI DE VASSUNUNGA;0000.00.0030;1990;150,97546924600;4916,7089;DEC  99.276/1990;Federal;ARIE;US;SP;MATA ATLÂNTICA;MATA ATLÂNTICA;GR4;23S;Dado não disponível;Dado não disponível;Não nucleada
ÁREA DE RELEVANTE INTERESSE ECOLÓGICO CAPETINGA-TAQUARA;0000.00.0031;1985;2057,22603429053;29434,5090;DEC  91.303 de 03/06/1985;Federal;ARIE;US;DF;CERRADO;CERRADO;GR3;23S;Dado não disponível;Dado não disponível;Não nucleada
ÁREA DE RELEVANTE INTERESSE ECOLÓGICO CERRADO PÉ-DE-GIGANTE;0000.00.0032;1990;1199,05347468096;14682,9152;DEC  99.275 de 06/06/1990;Federal;ARIE;US;SP;CERRADO;CERRADO;GR4;23S;Dado não disponível;Dado não disponível;Não nucleada
ÁREA DE RELEVANTE INTERESSE ECOLÓGICO DA MATA DE SANTA GENEBRA;0000.00.0040;1985;241,55362849869;8497,5533;DEC  91.885 de 05/11/1985;Federal;ARIE;US;SP;MATA ATLÂNTICA;MATA ATLÂNTICA;GR4;23S;Dado não disponível;Dado não disponível;Não nucleada
ÁREA DE RELEVANTE INTERESSE ECOLÓGICO FLORESTA DA CICUTA;0000.00.0035;1985;125,14104615050;5218,9718;DEC  90.792 de 09/01/1985;Federal;ARIE;US;RJ;MATA ATLÂNTICA;MATA ATLÂNTICA;GR4;23S;Dado não disponível;Dado não disponível;ICMBio Rio Paraíba do Sul
ÁREA DE RELEVANTE INTERESSE ECOLÓGICO ILHA DO AMEIXAL;0000.00.0036;1984;358,88804276171;9220,4959;DEC  91.889 de 05/11/1985;Federal;ARIE;US;SP;MATA ATLÂNTICA;MATA ATLÂNTICA;GR4;23S;Dado não disponível;Dado não disponível;ICMBio Iguape
ÁREA DE RELEVANTE INTERESSE ECOLÓGICO ILHAS QUEIMADA GRANDE E QUEIMADA PEQUENA;0000.00.0037;1985;65,17485953589;7093,5784;DEC  91.887 de 05/11/1985;Federal;ARIE;US;SP;MARINHO COSTEIRO;MARINHO COSTEIRO;GR4;23S;Dado não disponível;Dado não disponível;ICMBio Iguape
ÁREA DE RELEVANTE INTERESSE ECOLÓGICO JAVARÍ-BURITI;0000.00.0038;1985;13177,11933192690;73094,4549;DEC  91.886 de 05/11/1985;Federal;ARIE;US;AM;AMAZÔNIA;AMAZÔNIA;GR1;19S;Dado não disponível;Dado não disponível;ICMBio Tefé
ÁREA DE RELEVANTE INTERESSE ECOLÓGICO MANGUEZAIS DA FOZ DO RIO MAMANGUAPE;0000.00.0039;1985;5769,54030303349;42875,6978;DEC  91.890 de 05/11/1985;Federal;ARIE;US;PB;MATA ATLÂNTICA;MATA ATLÂNTICA e MARINHO COSTEIRO;GR2;25S;Dado não disponível;Dado não disponível;ICMBio Mamanguape
ÁREA DE RELEVANTE INTERESSE ECOLÓGICO MATÃO DE COSMÓPOLIS;0000.00.0041;1985;173,08944776103;8189,1301;DEC  90.791 de 09/01/1985;Federal;ARIE;US;SP;MATA ATLÂNTICA;MATA ATLÂNTICA;GR4;23S;Dado não disponível;Dado não disponível;Não nucleada
ÁREA DE RELEVANTE INTERESSE ECOLÓGICO PROJETO DINÂMICA BIOLÓGICA DE FRAGMENTOS FLORESTAIS;0000.00.0043;1985;3336,32969732661;3336,3297;DEC  91.884 de 05/11/1985;Federal;ARIE;US;AM;AMAZÔNIA;AMAZÔNIA;GR1;21S;Dado não disponível;Dado não disponível;Não nucleada
ÁREA DE RELEVANTE INTERESSE ECOLÓGICO SERINGAL NOVA ESPERANÇA;0000.00.0044;1999;2573,98212887627;22323,4062;DEC S/N de 20/08/1999;Federal;ARIE;US;AC;AMAZÔNIA;AMAZÔNIA;GR1;19S;Dado não disponível;Dado não disponível;ICMBio Chico Mendes
ÁREA DE RELEVANTE INTERESSE ECOLÓGICO SERRA DA ABELHA;0000.00.0045;1990;5016,60404744050;41982,9444;DEC S/N de 28/05/1996;Federal;ARIE;US;SC;MATA ATLÂNTICA;MATA ATLÂNTICA;GR5;22S;Dado não disponível;Dado não disponível;ICMBio Ibirama
ESTAÇÃO ECOLÓGICA ALTO MAUÉS;0000.00.3131;2014;665673,52680256100;691913,0022;DEC S/N de 16/10/2014;Federal;ESEC;PI;AM;AMAZÔNIA;AMAZÔNIA;GR1;21S;Dado não disponível;Dado não disponível;ICMBio Maués
ESTAÇÃO ECOLÓGICA DA GUANABARA;0000.00.0263;2006;1936,24748246213;21752,5104;DEC S/N de 15/02/2006;Federal;ESEC;PI;RJ;MATA ATLÂNTICA;MATA ATLÂNTICA;GR4;23S;Dado não disponível;Dado não disponível;ICMBio Teresópolis
ESTAÇÃO ECOLÓGICA DA MATA PRETA;0000.00.0261;2005;6573,48021975157;101854,7091;DEC S/N de 19/10/2005;Federal;ESEC;PI;PR/SC;MATA ATLÂNTICA;MATA ATLÂNTICA;GR5;22S;Dado não disponível;Dado não disponível;ICMBio Palmas
ESTAÇÃO ECOLÓGICA DA SERRA DAS ARARAS;0000.00.0075;1982;27159,71036561080;110516,2750;DEC  87.222, de 31/05/1982.;Federal;ESEC;PI;MT;CERRADO;CERRADO;GR3;21S;Dado não disponível;Dado não disponível;Não nucleada
ESTAÇÃO ECOLÓGICA DA TERRA DO MEIO;0000.00.0047;2005;3373174,67569634000;1419204,2868;DEC S/N de 17/02/2005;Federal;ESEC;PI;PA;AMAZÔNIA;AMAZÔNIA;GR1;21S e 22S;Dado não disponível;Dado não disponível;ICMBio Terra do Meio
ESTAÇÃO ECOLÓGICA DE AIUABA;0000.00.0048;2001;11746,78346642980;73869,1481;DEC S/N, de 06/02/2001;Federal;ESEC;PI;CE;CAATINGA;CAATINGA;GR2;24S;Dado não disponível;Dado não disponível;Não nucleada
ESTAÇÃO ECOLÓGICA DE ARACURI-ESMERALDA;0000.00.0050;1981;276,97917565655;7028,1074;DEC  86.061 de 2/6/1981.;Federal;ESEC;PI;RS;MATA ATLÂNTICA;MATA ATLÂNTICA;GR5;22S;Dado não disponível;Dado não disponível;Não nucleada
ESTAÇÃO ECOLÓGICA DE CARIJÓS;0000.00.0052;1987;759,33712178659;33157,6556;DEC 94.656, de 20/07/1987;Federal;ESEC;PI;SC;MATA ATLÂNTICA;MATA ATLÂNTICA;GR5;22S;Dado não disponível;Dado não disponível;ICMBio Florianópolis
ESTAÇÃO ECOLÓGICA DE CUNIÃ;0000.00.0053;2001;182601,28772540000;362776,7111;"DEC S/N de 27/09/2001; DEC S/N de 21/12/2007; DEC S/N de 13/03/2008; LEI 12.249 de 11/06/2010";Federal;ESEC;PI;RO/AM;AMAZÔNIA;AMAZÔNIA;GR1;20S;Dado não disponível;Dado não disponível;ICMBio Cuniã-Jacundá
ESTAÇÃO ECOLÓGICA DE GUARAQUEÇABA;0000.00.0054;1982;4370,14585192866;244231,6308;"DEC 87.222, de 31/05/1982; DEC  93.053, de 31/07/1986; LEI 9.513, de 20/11/1997";Federal;ESEC;PI;PR;MATA ATLÂNTICA;MATA ATLÂNTICA;GR5;22S;Dado não disponível;Dado não disponível;ICMBio Antonina-Guaraqueçaba
ESTAÇÃO ECOLÓGICA DE JUTAÍ-SOLIMÕES;0000.00.0056;1983;289514,17174731800;353165,7633;"DEC  88.541, de 21/7/1983; Portaria 375, de 11/10/2001";Federal;ESEC;PI;AM;AMAZÔNIA;AMAZÔNIA;GR1;19S;Dado não disponível;Dado não disponível;ICMBio Tefé
ESTAÇÃO ECOLÓGICA DE MARACÁ;0000.00.0057;1981;103519,86705561800;217330,6754;DEC 86.061, de 02/06/1981;Federal;ESEC;PI;RR;AMAZÔNIA;AMAZÔNIA;GR1;20N;Dado não disponível;Dado não disponível;ICMBio Roraima
ESTAÇÃO ECOLÓGICA DE MARACÁ-JIPIOCA;0000.00.0058;1981;58756,95030403490;115035,7523;DEC 86.061 de 02/06/1981;Federal;ESEC;PI;AP;AMAZÔNIA;AMAZÔNIA;GR1;22N;Dado não disponível;Dado não disponível;Não nucleada
ESTAÇÃO ECOLÓGICA DE MURICI;0000.00.0059;2001;6131,62928809257;63508,7744;DEC S/N, de 28/05/2001;Federal;ESEC;PI;AL;MATA ATLÂNTICA;MATA ATLÂNTICA;GR2;25S;Dado não disponível;Dado não disponível;Não nucleada
ESTAÇÃO ECOLÓGICA DE PIRAPITINGA;0000.00.0061;1987;1384,50175676022;27149,3695;DEC 94.656, de 20/07/1987;Federal;ESEC;PI;MG;CERRADO;CERRADO;GR4;23S;Dado não disponível;Dado não disponível;Não nucleada
ESTAÇÃO ECOLÓGICA DE TAIAMÃ;0000.00.0062;1981;11554,98241596060;96985,3549;DEC  86.061, de 02/06/1981;Federal;ESEC;PI;MT;PANTANAL;PANTANAL;GR3;21S;Dado não disponível;Dado não disponível;Não nucleada
ESTAÇÃO ECOLÓGICA DE TAMOIOS;0000.00.0063;1990;8660,35333140331;140056,8214;DEC   98.864, de 23/01/1990.;Federal;ESEC;PI;RJ;MATA ATLÂNTICA;MATA ATLÂNTICA;GR4;23S;Dado não disponível;Dado não disponível;ICMBio Paraty
ESTAÇÃO ECOLÓGICA DE URUÇUI-UNA;0000.00.0065;1981;135122,29136863000;169368,5847;DEC  86.061, de 02/06/1981.;Federal;ESEC;PI;PI;CERRADO;CERRADO;GR2;23S;Dado não disponível;Dado não disponível;Não nucleada
ESTAÇÃO ECOLÓGICA DO CASTANHÃO;0000.00.0066;2001;12574,63612429320;350714,9749;DEC S/N, de 27/09/2001;Federal;ESEC;PI;CE;CAATINGA;CAATINGA;GR2;24S;Dado não disponível;Dado não disponível;ICMBio Mossoró
ESTAÇÃO ECOLÓGICA DO JARI;0000.00.0067;1982;231082,09362765300;433396,7342;"DEC  87.092, de 12/04/1982; DEC 89.440, de 13/03/1984";Federal;ESEC;PI;PA/AP;AMAZÔNIA;AMAZÔNIA;GR1;22S;Dado não disponível;Dado não disponível;Não nucleada
ESTAÇÃO ECOLÓGICA DO SERIDÓ;0000.00.0069;1982;1123,61233303630;22142,1094;DEC  87.222, de 31/05/1982;Federal;ESEC;PI;RN;CAATINGA;CAATINGA;GR2;24S;Dado não disponível;Dado não disponível;Não nucleada
ESTAÇÃO ECOLÓGICA DO TAIM;0000.00.0070;1986;32806,31370616260;117453,4237;"DEC 92.963, de 21/07/1986; DEC S/N de 05/06/2003; DEC S/N de 05/06/2017";Federal;ESEC;PI;RS;PAMPA;PAMPA;GR5;22S;Dado não disponível;Dado não disponível;Não nucleada
ESTAÇÃO ECOLÓGICA DOS TUPINIQUINS;0000.00.0071;1986;1727,71418075263;31309,0575;DEC 92.964, de 21/07/1986;Federal;ESEC;PI;SP;MARINHO COSTEIRO;MARINHO COSTEIRO;GR4;23S;Dado não disponível;Dado não disponível;ICMBio Iguape
ESTAÇÃO ECOLÓGICA JUAMI-JAPURÁ;0000.00.0072;2001;831531,61092023100;574808,7115;DEC 91.307, de 03/06/1985;Federal;ESEC;PI;AM;AMAZÔNIA;AMAZÔNIA;GR1;19S;Dado não disponível;Dado não disponível;ICMBio Tefé
ESTAÇÃO ECOLÓGICA MICO-LEÃO-PRETO;0000.00.0073;2002;6680,67407267780;91170,0875;"DEC S/N de 16/07/2002; DEC S/N de 14/05/2004";Federal;ESEC;PI;SP;MATA ATLÂNTICA;MATA ATLÂNTICA;GR4;22S;Dado não disponível;Dado não disponível;Não nucleada
ESTAÇÃO ECOLÓGICA NIQUIÁ;0000.00.0060;1985;306394,54915751000;451692,1327;DEC 91.306, de 03/06/1985;Federal;ESEC;PI;RR;AMAZÔNIA;AMAZÔNIA;GR1;20N;Dado não disponível;Dado não disponível;ICMBio Roraima
ESTAÇÃO ECOLÓGICA RASO DA CATARINA;0000.00.0074;1984;104844,40237252400;135684,3245;"DEC 89.268, DE 03/01/1984; Portaria 373 de de 11/10/2001";Federal;ESEC;PI;BA;CAATINGA;CAATINGA;GR2;24S;Dado não disponível;Dado não disponível;ICMBio Paulo Afonso
ESTAÇÃO ECOLÓGICA RIO ACRE;0000.00.0068;1981;79395,21788069590;161348,9406;DEC 86.061, de 02/06/1981;Federal;ESEC;PI;AC;AMAZÔNIA;AMAZÔNIA;GR1;19S;Dado não disponível;Dado não disponível;Não nucleada
ESTACAO ECOLÓGICA SERRA GERAL DO TOCANTINS;0000.00.0076;2001;707087,73965615100;643019,4974;DEC S/N, de 27/09/2001;Federal;ESEC;PI;BA/TO;CERRADO;CERRADO;GR3;23S;Dado não disponível;Dado não disponível;Não nucleada
ESTAÇÃO ECOLÓGICA TUPINAMBÁS;0000.00.0064;1987;2463,61506515130;43299,1099;DEC  94.656, de 20/07/1987;Federal;ESEC;PI;SP;MARINHO COSTEIRO;MARINHO COSTEIRO;GR4;23S;Dado não disponível;Dado não disponível;ICMBio Alcatrazes
FLORESTA NACIONAL CONTENDAS DO SINCORÁ;0000.00.0081;1999;11215,93076535030;70924,6987;DEC S/N, de 21/09/1999;Federal;FLONA;US;BA;CAATINGA;CAATINGA;GR2;24S;Dado não disponível;Dado não disponível;ICMBio Sudoeste Baiano
FLORESTA NACIONAL DA MATA GRANDE;0000.00.0128;2003;2010,07112917100;22085,4978;DEC S/N, de 13/10/2003;Federal;FLONA;US;GO;CERRADO;CERRADO;GR3;23S;Dado não disponível;Dado não disponível;Não nucleada
FLORESTA NACIONAL DA RESTINGA DE CABEDELO;0000.00.0132;2004;114,61833940300;4631,2240;DEC S/N, de 02/06/2004;Federal;FLONA;US;PB;MATA ATLÂNTICA;MATA ATLÂNTICA;GR2;25S;Dado não disponível;Dado não disponível;ICMBio Cabedelo
FLORESTA NACIONAL DE AÇU;0000.00.0082;2001;225,02456052742;6925,1657;Portaria 245, de 18/07/2001;Federal;FLONA;US;RN;CAATINGA;CAATINGA;GR2;24S;Dado não disponível;Dado não disponível;ICMBio Mossoró
FLORESTA NACIONAL DE ALTAMIRA;0000.00.0083;1998;724973,93637420300;479092,3747;DEC  2.483, de 2/2/1998;Federal;FLONA;US;PA;AMAZÔNIA;AMAZÔNIA;GR1;21S;Dado não disponível;Dado não disponível;Unidade Especial Avançada - UNA Itaituba
FLORESTA NACIONAL DE ANAUÁ;0000.00.0084;2005;259402,98942054500;391314,5257;DEC S/N de 18/02/2005;Federal;FLONA;US;RR;AMAZÔNIA;AMAZÔNIA;GR1;20N;Dado não disponível;Dado não disponível;ICMBio Roraima
FLORESTA NACIONAL DE ASSUNGUI;0000.00.0077;1968;490,81157445165;11259,1743;Portaria 559, de 25/10/1968;Federal;FLONA;US;PR;MATA ATLÂNTICA;MATA ATLÂNTICA;GR5;22S;Dado não disponível;Dado não disponível;ICMBio Curitiba
FLORESTA NACIONAL DE BALATA-TUFARI;0000.00.0085;2002;1088710,21014031000;1064335,0028;DEC S/N de 17/02/2005;Federal;FLONA;US;AM;AMAZÔNIA;AMAZÔNIA;GR1;20S;Dado não disponível;Dado não disponível;ICMBio Porto Velho
FLORESTA NACIONAL DE BRASÍLIA;0000.00.0086;1999;5622,79090284176;47749,2549;"DEC S/N, de 10/06/1999; LEI  14.447, de 09/09/2022";Federal;FLONA;US;DF;CERRADO;CERRADO;GR3;22S;Dado não disponível;Dado não disponível;ICMBio Descoberto-Brasília
FLORESTA NACIONAL DE CAÇADOR;0000.00.0078;1968;706,53994344751;15730,7150;Portaria 560 de 25/10/1968;Federal;FLONA;US;SC;MATA ATLÂNTICA;MATA ATLÂNTICA;GR5;22S;Dado não disponível;Dado não disponível;Não nucleada
FLORESTA NACIONAL DE CANELA;0000.00.0087;1968;563,52084196173;12887,0292;Portaria 561 de 25/10/1968;Federal;FLONA;US;RS;MATA ATLÂNTICA;MATA ATLÂNTICA;GR5;22S;Dado não disponível;Dado não disponível;Não nucleada
FLORESTA NACIONAL DE CAPÃO BONITO;0000.00.0079;1968;4236,79489350454;56883,3796;Portaria 558 de 25/10/1968;Federal;FLONA;US;SP;CERRADO;MATA ATLÂNTICA e CERRADO;GR4;22S;Dado não disponível;Dado não disponível;Não nucleada
FLORESTA NACIONAL DE CARAJÁS;0000.00.0088;1998;391263,03778298100;397745,1075;DEC  2.486, de 02/02/1998;Federal;FLONA;US;PA;AMAZÔNIA;AMAZÔNIA;GR1;22S;Dado não disponível;Dado não disponível;Não nucleada
FLORESTA NACIONAL DE CAXIUANÂ;0000.00.0089;1961;317950,65670775700;297166,6891;DEC 236 de 28/11/1961;Federal;FLONA;US;PA;AMAZÔNIA;AMAZÔNIA;GR1;22S;Dado não disponível;Dado não disponível;Não nucleada
FLORESTA NACIONAL DE CHAPECÓ;0000.00.0080;1968;1604,36103138376;39443,6426;Portaria 560 de 25/10/1968;Federal;FLONA;US;SC;MATA ATLÂNTICA;MATA ATLÂNTICA;GR5;22S;Dado não disponível;Dado não disponível;Não nucleada
FLORESTA NACIONAL DE CRISTÓPOLIS;0000.00.0090;2001;12840,69211639290;53998,9286;DEC S/N de 18/05/2001;Federal;FLONA;US;BA;CERRADO;CERRADO;GR2;23S;Dado não disponível;Dado não disponível;Não nucleada
FLORESTA NACIONAL DE GOYTACAZES;0000.00.0091;2002;1425,65276325906;18052,6123;DEC S/N de 05/06/2012;Federal;FLONA;US;ES;MATA ATLÂNTICA;MATA ATLÂNTICA;GR4;24S;Dado não disponível;Dado não disponível;Não nucleada
FLORESTA NACIONAL DE HUMAITÁ;0000.00.0092;1998;476589,49980007000;439777,4595;DEC  2.485, de 02/02/1998;Federal;FLONA;US;AM;AMAZÔNIA;AMAZÔNIA;GR1;20S;Dado não disponível;Dado não disponível;ICMBio Porto Velho
FLORESTA NACIONAL DE IBIRAMA;0000.00.0093;1988;519,34992595934;18466,0096;DEC  95.818, de 11/03/1988;Federal;FLONA;US;SC;MATA ATLÂNTICA;MATA ATLÂNTICA;GR5;22S;Dado não disponível;Dado não disponível;ICMBio Ibirama
FLORESTA NACIONAL DE IPANEMA;0000.00.0094;1992;5384,82538635418;35738,6401;DEC  530, de 20/05/1992.;Federal;FLONA;US;SP;MATA ATLÂNTICA;MATA ATLÂNTICA;GR4;23S;Dado não disponível;Dado não disponível;Não nucleada
FLORESTA NACIONAL DE IRATI;0000.00.0125;1968;3802,51282896064;52167,9132;Portaria 559 de 25/10/1968;Federal;FLONA;US;PR;MATA ATLÂNTICA;MATA ATLÂNTICA;GR5;22S;Dado não disponível;Dado não disponível;ICMBio Campos Gerais
FLORESTA NACIONAL DE ITAITUBA I;0000.00.0095;1998;213104,94434057300;628060,2801;"DEC  2.481, de 02/02/1998; LEI 12.678, de 25/06/2012";Federal;FLONA;US;PA;AMAZÔNIA;AMAZÔNIA;GR1;21S;Dado não disponível;Dado não disponível;Unidade Especial Avançada - UNA Itaituba
FLORESTA NACIONAL DE ITAITUBA II;0000.00.0096;1998;397760,25823106100;2470459,2224;"DEC  2.482, de 02/02/1998; LEI 12.678, de 25/06/2012";Federal;FLONA;US;PA;AMAZÔNIA;AMAZÔNIA;GR1;21S;Dado não disponível;Dado não disponível;Unidade Especial Avançada - UNA Itaituba
FLORESTA NACIONAL DE JACUNDÁ;0000.00.0097;2004;221219,52515762900;388752,2237;DEC S/N de 01/12/2004;Federal;FLONA;US;RO;AMAZÔNIA;AMAZÔNIA;GR1;20S;Dado não disponível;Dado não disponível;ICMBio Cuniã-Jacundá
FLORESTA NACIONAL DE LORENA;0000.00.0098;2001;281,40898347290;6779,9732;Portaria 246, de 18/07/2001;Federal;FLONA;US;SP;MATA ATLÂNTICA;MATA ATLÂNTICA;GR4;23S;Dado não disponível;Dado não disponível;ICMBio Mantiqueira
FLORESTA NACIONAL DE MULATA;0000.00.0099;2001;216604,18281780000;370056,2161;DEC S/N de 01/08/2001;Federal;FLONA;US;PA;AMAZÔNIA;AMAZÔNIA;GR1;21S;Dado não disponível;Dado não disponível;Não nucleada
FLORESTA NACIONAL DE NEGREIROS;0000.00.1605;2007;3004,56148588507;30673,5817;DEC S/N de 11/10/2007;Federal;FLONA;US;PE;CAATINGA;CAATINGA;GR2;24S;Dado não disponível;Dado não disponível;Não nucleada
FLORESTA NACIONAL DE NÍSIA FLORESTA;0000.00.0100;2001;168,84329186417;6099,9690;DEC S/N de 27/09/2001;Federal;FLONA;US;RN;MATA ATLÂNTICA;MATA ATLÂNTICA;GR2;25S;Dado não disponível;Dado não disponível;Não nucleada
FLORESTA NACIONAL DE PACOTUBA;0000.00.0101;2002;449,44679043770;16219,3590;DEC S/N de 13/12/2002;Federal;FLONA;US;ES;MATA ATLÂNTICA;MATA ATLÂNTICA;GR4;24S;Dado não disponível;Dado não disponível;Não nucleada
FLORESTA NACIONAL DE PALMARES;0000.00.0102;2005;168,21068197763;5628,7185;DEC S/N de 21/02/2005;Federal;FLONA;US;PI;CERRADO;CERRADO;GR2;23S;Dado não disponível;Dado não disponível;Não nucleada
FLORESTA NACIONAL DE PARAOPEBA;0000.00.0103;2001;203,29196888945;7842,6913;Portaria 248 de 18/07/2001;Federal;FLONA;US;MG;CERRADO;CERRADO;GR4;23S;Dado não disponível;Dado não disponível;Não nucleada
FLORESTA NACIONAL DE PASSA QUATRO;0000.00.0129;1968;335,37310673133;8660,0120;Portaria 562 de 25/10/1968;Federal;FLONA;US;MG;MATA ATLÂNTICA;MATA ATLÂNTICA;GR4;23S;Dado não disponível;Dado não disponível;ICMBio Mantiqueira
FLORESTA NACIONAL DE PASSO FUNDO;0000.00.0130;1968;1333,63137463072;35475,7273;Portaria 561 de 25/10/1968;Federal;FLONA;US;RS;MATA ATLÂNTICA;MATA ATLÂNTICA;GR5;22S;Dado não disponível;Dado não disponível;Não nucleada
FLORESTA NACIONAL DE PAU-ROSA;0000.00.0104;2001;988186,71814133800;1000135,8418;DEC S/N de 07/08/2001.;Federal;FLONA;US;AM;AMAZÔNIA;AMAZÔNIA;GR1;21S;Dado não disponível;Dado não disponível;ICMBio Maués
FLORESTA NACIONAL DE PIRAÍ DO SUL;0000.00.0131;2004;150,61440305916;6858,1548;DEC S/N de 02/06/2004;Federal;FLONA;US;PR;MATA ATLÂNTICA;MATA ATLÂNTICA;GR5;22S;Dado não disponível;Dado não disponível;ICMBio Campos Gerais
FLORESTA NACIONAL DE RITÁPOLIS;0000.00.0105;1999;89,19009509738;4386,4579;DEC S/N de 21/09/1999;Federal;FLONA;US;MG;MATA ATLÂNTICA;MATA ATLÂNTICA;GR4;23S;Dado não disponível;Dado não disponível;Não nucleada
FLORESTA NACIONAL DE RORAIMA;0000.00.0106;1989;169628,70167178600;297046,5400;"DEC  97.545, de 01/03/1989; LEI 12.058, de 13/12/2009.";Federal;FLONA;US;AM/RR;AMAZÔNIA;AMAZÔNIA;GR1;20N;Dado não disponível;Dado não disponível;ICMBio Roraima
FLORESTA NACIONAL DE SANTA ROSA DO PURUS;0000.00.0107;2001;231556,88075830200;430163,6254;DEC S/N de 07/08/2001;Federal;FLONA;US;AC;AMAZÔNIA;AMAZÔNIA;GR1;19S;Dado não disponível;Dado não disponível;ICMBio Alto Tarauacá-Santa Rosa do Purus
FLORESTA NACIONAL DE SÃO FRANCISCO;0000.00.0108;2001;21147,80443761950;83029,7624;DEC S/N de 07/08/2001;Federal;FLONA;US;AC;AMAZÔNIA;AMAZÔNIA;GR1;19S;Dado não disponível;Dado não disponível;ICMBio Sena Madureira
FLORESTA NACIONAL DE SÃO FRANCISCO DE PAULA;0000.00.0133;1968;1615,60020775530;22856,2040;Portaria 561, de 25/10/1968;Federal;FLONA;US;RS;MATA ATLÂNTICA;MATA ATLÂNTICA;GR5;22S;Dado não disponível;Dado não disponível;Não nucleada
FLORESTA NACIONAL DE SARACÁ-TAQUERA;0000.00.0109;1989;441287,98687093000;436696,5482;DEC  98.704, de 27/12/1989;Federal;FLONA;US;PA;AMAZÔNIA;AMAZÔNIA;GR1;21S;Dado não disponível;Dado não disponível;ICMBio Trombetas
FLORESTA NACIONAL DE SILVÂNIA;0000.00.0110;2001;486,60781351943;8680,0794;Portaria 247, de 18/07/2001;Federal;FLONA;US;GO;CERRADO;CERRADO;GR3;22S;Dado não disponível;Dado não disponível;Não nucleada
FLORESTA NACIONAL DE SOBRAL;0000.00.0111;1967;661,02336419531;12689,0506;Portaria 358, de 27/09/2001;Federal;FLONA;US;CE;CAATINGA;CAATINGA;GR2;24S;Dado não disponível;Dado não disponível;Não nucleada
FLORESTA NACIONAL DE TEFÉ;0000.00.0112;1989;865126,61547232300;757551,2186;DEC  97.629, de 10/04/1989.;Federal;FLONA;US;AM;AMAZÔNIA;AMAZÔNIA;GR1;20S;Dado não disponível;Dado não disponível;ICMBio Tefé
FLORESTA NACIONAL DE TR├èS BARRAS;0000.00.0134;1968;4385,35953212822;43339,4434;Portaria 560 de 25/12/1968;Federal;FLONA;US;SC;MATA ATLÂNTICA;MATA ATLÂNTICA;GR5;22S;Dado não disponível;Dado não disponível;Não nucleada
FLORESTA NACIONAL DE URUPADI;0000.00.3408;2016;538081,09103778800;629140,3726;DEC S/N de 11/05/2016;Federal;FLONA;US;AM;AMAZÔNIA;AMAZÔNIA;GR1;21S;Dado não disponível;Dado não disponível;ICMBio Humaitá
FLORESTA NACIONAL DO AMANA;0000.00.0271;2006;682561,01578478800;474995,3468;"DEC S/N de 13/02/2006; DEC S/N de 11/05/2016";Federal;FLONA;US;PA/AM;AMAZÔNIA;AMAZÔNIA;GR1;21S;Dado não disponível;Dado não disponível;Não nucleada
FLORESTA NACIONAL DO AMAPÁ;0000.00.0113;1989;460359,14318089200;409296,5168;DEC  97.630, de 10/04/1989.;Federal;FLONA;US;AP;AMAZÔNIA;AMAZÔNIA;GR1;22N;Dado não disponível;Dado não disponível;ICMBio Amapá Central
FLORESTA NACIONAL DO AMAZONAS;0000.00.0114;1989;1944230,09499289000;2204539,5291;DEC  97.546, de 01/03/1989.;Federal;FLONA;US;AM/RR;AMAZÔNIA;AMAZÔNIA;GR1;20N e 20S;Dado não disponível;Dado não disponível;Não nucleada
FLORESTA NACIONAL DO ARARIPE-APODI;0000.00.0115;1946;38920,06186319150;134057,1045;"DEC-LEI  9.226, de 02/05/1946; DEC S/N de 05/06/2012";Federal;FLONA;US;CE;CAATINGA;CAATINGA;GR2;24S;Dado não disponível;Dado não disponível;Não nucleada
FLORESTA NACIONAL DO ARIPUANÃ;0000.00.3409;2016;751302,17396494700;684894,3986;DEC S/N de 11/05/2016;Federal;FLONA;US;AM;AMAZÔNIA;AMAZÔNIA;GR1;20S;Dado não disponível;Dado não disponível;ICMBio Humaitá
FLORESTA NACIONAL DO BOM FUTURO;0000.00.0116;1988;98340,10373691010;98340,1037;"DEC  96.188 de 21/06/1988; LEI  12249 de 11/06/2010";Federal;FLONA;US;RO;AMAZÔNIA;AMAZÔNIA;GR1;20S;Dado não disponível;Dado não disponível;ICMBio Porto Velho
FLORESTA NACIONAL DO CREPORI;0000.00.0270;2006;740396,47254425100;626409,2944;"DEC S/N de 13/02/2006; LEI 12.678 de 25/06/2012";Federal;FLONA;US;PA;AMAZÔNIA;AMAZÔNIA;GR1;21S;Dado não disponível;Dado não disponível;Unidade Especial Avançada - UNA Itaituba
FLORESTA NACIONAL DO IBURA;0000.00.0269;2005;144,14217722694;5629,3470;DEC S/N de 19/09/2005.;Federal;FLONA;US;SE;MATA ATLÂNTICA;MATA ATLÂNTICA;GR2;24S;Dado não disponível;Dado não disponível;Não nucleada
FLORESTA NACIONAL DO IQUIRI;0000.00.1612;2008;1470193,31632961000;1385533,5734;DEC S/N de 08/05/2008;Federal;FLONA;US;AM;AMAZÔNIA;AMAZÔNIA;GR1;19S e 20S;Dado não disponível;Dado não disponível;Não nucleada
FLORESTA NACIONAL DO ITACAIUNAS;0000.00.0117;1998;136700,66001408200;276637,5242;DEC  2.480, de 02/02/1998.;Federal;FLONA;US;PA;AMAZÔNIA;AMAZÔNIA;GR1;22S;Dado não disponível;Dado não disponível;Não nucleada
FLORESTA NACIONAL DO JAMANXIM;0000.00.0266;2006;1301697,46447383000;855655,7399;DEC S/N de 13/02/2006;Federal;FLONA;US;PA;AMAZÔNIA;AMAZÔNIA;GR1;21S;Dado não disponível;Dado não disponível;Unidade Especial Avançada - UNA Itaituba
FLORESTA NACIONAL DO JAMARI;0000.00.0118;1984;222156,57672749600;229217,2496;DEC  90.224, de 25/09/1984;Federal;FLONA;US;RO;AMAZÔNIA;AMAZÔNIA;GR1;20S;Dado não disponível;Dado não disponível;ICMBio Porto Velho
FLORESTA NACIONAL DO JATUARANA;0000.00.0119;2002;569428,43911765900;439402,1938;DEC S/N de 19/09/2002;Federal;FLONA;US;AM;AMAZÔNIA;AMAZÔNIA;GR1;21S;Dado não disponível;Dado não disponível;ICMBio Humaitá
FLORESTA NACIONAL DO MACAUÃ;0000.00.0120;1988;176347,36441450600;301596,3482;DEC  96.189, de 21/06/1988;Federal;FLONA;US;AC;AMAZÔNIA;AMAZÔNIA;GR1;19S;Dado não disponível;Dado não disponível;ICMBio Sena Madureira
FLORESTA NACIONAL DO PURUS;0000.00.0121;1988;256122,97239663700;376741,1513;DEC   96.190 de 21/06/1988;Federal;FLONA;US;AM;AMAZÔNIA;AMAZÔNIA;GR1;19S;Dado não disponível;Dado não disponível;Não nucleada
FLORESTA NACIONAL DO RIO PRETO;0000.00.0122;1990;2817,40083719846;41874,2856;DEC  98.845 de 17/01/1990;Federal;FLONA;US;ES;MATA ATLÂNTICA;MATA ATLÂNTICA;GR4;24S;Dado não disponível;Dado não disponível;ICMBio São Mateus
FLORESTA NACIONAL DO TAPAJÓS;0000.00.0123;1974;530620,65146864800;546203,1105;"DEC  73.684 de 19/02/1974; LEI N 12.678, DE 25/06/2012";Federal;FLONA;US;PA;AMAZÔNIA;AMAZÔNIA;GR1;21S;Dado não disponível;Dado não disponível;Não nucleada
FLORESTA NACIONAL DO TAPIRAPÉAQUIRI;0000.00.0124;1989;196506,47202850300;323152,1154;DEC  97.720 de 05/05/1989;Federal;FLONA;US;PA;AMAZÔNIA;AMAZÔNIA;GR1;22S;Dado não disponível;Dado não disponível;Não nucleada
FLORESTA NACIONAL DO TRAIRÃO;0000.00.0265;2006;257529,34453380900;425236,1689;DEC S/N de 13/02/2006;Federal;FLONA;US;PA;AMAZÔNIA;AMAZÔNIA;GR1;21S;Dado não disponível;Dado não disponível;Unidade Especial Avançada - UNA Itaituba
FLORESTA NACIONAL MAPIÁ - INAUINI;0000.00.0126;1989;368950,43797946800;537553,7861;DEC  98.051 de 14/08/1989;Federal;FLONA;US;AM;AMAZÔNIA;AMAZÔNIA;GR1;19S;Dado não disponível;Dado não disponível;Não nucleada
FLORESTA NACIONAL MÁRIO XAVIER;0000.00.0127;1986;495,99047361937;11405,7180;DEC  93.369 de 08/10/1986;Federal;FLONA;US;RJ;MATA ATLÂNTICA;MATA ATLÂNTICA;GR4;23S;Dado não disponível;Dado não disponível;Não nucleada
MONUMENTO NATURAL DAS ILHAS DE TRINDADE E MARTIM VAZ E DO MONTE COLUMBIA;0000.00.3642;2018;6769671,75551688000;1490042,7106;DEC 9.312 de 19/03/2018;Federal;MONA;PI;BA;MARINHO COSTEIRO;MARINHO COSTEIRO;GR2;25S e 26S;Dado não disponível;Dado não disponível;Não nucleada
MONUMENTO NATURAL DO ARQUIPÉLAGO DAS ILHAS CAGARRAS;0000.00.0034;2010;91,19820869237;10130,6161;LEI 12.229 de 13/04/2010;Federal;MONA;PI;RJ;MARINHO COSTEIRO;MARINHO COSTEIRO;GR4;23S;Dado não disponível;Dado não disponível;Não nucleada
MONUMENTO NATURAL DO ARQUIPÉLAGO DE SÃO PEDRO E SÃO PAULO;0000.00.3644;2018;4726317,83542174000;929045,1818;DEC 9.313 de 19/03/2018;Federal;MONA;PI;PB;MARINHO COSTEIRO;MARINHO COSTEIRO;GR2;25S e 26S;Dado não disponível;Dado não disponível;ICMBio Noronha
MONUMENTO NATURAL DO RIO SÃO FRANCISCO;0000.00.1812;2009;26736,70081161470;194339,8165;DEC S/N, de 05/06/2009;Federal;MONA;PI;BA/SE/AL;CAATINGA;CAATINGA;GR2;24S;Dado não disponível;Dado não disponível;ICMBio Paulo Afonso
MONUMENTO NATURAL DOS PONTÕES CAPIXABAS;0000.00.0181;2002;17443,63352750950;108141,0936;"DEC S/N de 19/12/2002; Lei ordinária N 11.686, de 02/06/2008";Federal;MONA;PI;ES;MATA ATLÂNTICA;MATA ATLÂNTICA;GR4;24S;Dado não disponível;Dado não disponível;Não nucleada
PARQUE NACIONAL CAVERNAS DO PERUAÇU;0000.00.0135;1999;56449,00400942550;227669,9670;DEC S/N de 21/09/1999;Federal;PARNA;PI;MG;CERRADO;CAATINGA e CERRADO;GR4;23S;Dado não disponível;Dado não disponível;ICMBio Peruaçu
PARQUE NACIONAL DA AMAZÔNIA;0000.00.0136;1974;1066209,71032769000;1803088,4576;"DEC 73.683, DE 19/02/1974; DEC 90.823, DE 18/01/1985; DEC S/N DE 13/02/2006; LEI 12.678, de 25/07/2012 
";Federal;PARNA;PI;AM/PA;AMAZÔNIA;AMAZÔNIA;GR1;21S;Dado não disponível;Dado não disponível;Unidade Especial Avançada - UNA Itaituba
PARQUE NACIONAL DA CHAPADA DA DIAMANTINA;0000.00.0137;1985;151819,75411520300;374188,8543;DEC 91.655, de 17/09/1985;Federal;PARNA;PI;BA;CAATINGA;CAATINGA;GR2;24S;Dado não disponível;Dado não disponível;Não nucleada
PARQUE NACIONAL DA CHAPADA DAS MESAS;0000.00.0272;2005;159953,78065968100;361405,9740;"DEC DE 12 DE DEZEMBRO DE 2005; DEC de S/N 31/01/2006";Federal;PARNA;PI;MA;CERRADO;CERRADO;GR2;23S;Dado não disponível;Dado não disponível;Não nucleada
PARQUE NACIONAL DA CHAPADA DOS GUIMARÃES;0000.00.0138;1989;32646,83186820200;113073,4234;DEC 97.656, de 12/04/1989;Federal;PARNA;PI;MT;CERRADO;CERRADO;GR3;21S;Dado não disponível;Dado não disponível;Não nucleada
PARQUE NACIONAL DA CHAPADA DOS VEADEIROS;0000.00.0139;1961;240586,56329560500;608397,9083;"DEC 49.875, de 11/01/1961; DEC 70.492, de 11/05/1972; DEC N 86.173, DE 2 DE JULHO DE 1981; DEC 86.596, de 17/11/1981; DEC S/N, de 27/09/2001; DEC S/N de 05/06/2017.";Federal;PARNA;PI;GO;CERRADO;CERRADO;GR3;23S;Dado não disponível;Dado não disponível;Não nucleada
PARQUE NACIONAL DA FURNA FEIA;0000.00.2633;2012;8558,70890307808;73316,7051;DEC S/N, de 05/06/2012;Federal;PARNA;PI;RN;CAATINGA;CAATINGA;GR2;24S;Dado não disponível;Dado não disponível;ICMBio Mossoró
PARQUE NACIONAL DA LAGOA DO PEIXE;0000.00.0140;1986;36721,93057185250;140474,8097;DEC 93.546, de 06/11/1986;Federal;PARNA;PI;RS;PAMPA;PAMPA;GR5;22S;Dado não disponível;Dado não disponível;Não nucleada
PARQUE NACIONAL DA RESTINGA DE JURUBATIBA;0000.00.0141;1998;14919,46490491070;118917,6448;DEC S/N, de 29/04/1998;Federal;PARNA;PI;RJ;MATA ATLÂNTICA;MATA ATLÂNTICA;GR4;24S;Dado não disponível;Dado não disponível;Não nucleada
PARQUE NACIONAL DA SERRA DA BOCAINA;0000.00.0142;1971;106566,42479987400;561521,4540;"DEC 68.172, de 04/02/1971; DEC 70.694, de 08/06/1972";Federal;PARNA;PI;RJ/SP;MATA ATLÂNTICA;MATA ATLÂNTICA;GR4;23S;Dado não disponível;Dado não disponível;ICMBio Paraty
PARQUE NACIONAL DA SERRA DA BODOQUENA;0000.00.0143;2000;76973,53044502960;301011,8574;DEC S/N, de 21/09/2000;Federal;PARNA;PI;MS;CERRADO;CERRADO;GR3;21S;Dado não disponível;Dado não disponível;Não nucleada
PARQUE NACIONAL DA SERRA DA CANASTRA;0000.00.0144;1972;197971,96132212300;811048,2940;DEC 70.355, de 03/04/1972;Federal;PARNA;PI;MG;CERRADO;CERRADO;GR4;23S;Dado não disponível;Dado não disponível;Não nucleada
PARQUE NACIONAL DA SERRA DA CAPIVARA;0000.00.0145;1979;100764,19385255300;195773,3391;"DEC 83.548, de 05/06/1979; DEC 99.143, de 12/03/1990";Federal;PARNA;PI;PI;CAATINGA;CAATINGA;GR2;23S;Dado não disponível;Dado não disponível;Não nucleada
PARQUE NACIONAL DA SERRA DAS CONFUSÕES;0000.00.0146;1998;823854,53904264600;2414675,9251;"DEC S/N, de 02/10/1998; DEC S/N, de 30/12/2010";Federal;PARNA;PI;PI;CAATINGA;CAATINGA e CERRADO;GR2;23S;Dado não disponível;Dado não disponível;Não nucleada
PARQUE NACIONAL DA SERRA DAS LONTRAS;0000.00.1909;2010;11343,84371215210;102521,9135;DEC S/N, de 11/06/2010;Federal;PARNA;PI;BA;MATA ATLÂNTICA;MATA ATLÂNTICA;GR2;24S;Dado não disponível;Dado não disponível;Não nucleada
PARQUE NACIONAL DA SERRA DO CIPÓ;0000.00.0148;1984;31639,53465416730;112561,1055;"DEC 90.223, de 25/09/1984; DEC 94.984, de 30/09/1987";Federal;PARNA;PI;MG;CERRADO;CERRADO E MATA ATLÂNTICA;GR4;23S;Dado não disponível;Dado não disponível;ICMBio Cipó-Pedreira
PARQUE NACIONAL DA SERRA DO DIVISOR;0000.00.0149;1989;837559,63119096200;830792,7050;DEC 97.839, de 16/06/1989;Federal;PARNA;PI;AC;AMAZÔNIA;AMAZÔNIA;GR1;18S;Dado não disponível;Dado não disponível;ICMBio Cruzeiro do Sul
PARQUE NACIONAL DA SERRA DO GANDARELA;0000.00.3136;2014;31270,82610704160;205940,3879;DEC S/N, de 13/10/2014;Federal;PARNA;PI;MG;MATA ATLÂNTICA;MATA ATLÂNTICA;GR4;23S;Dado não disponível;Dado não disponível;Não nucleada
PARQUE NACIONAL DA SERRA DO ITAJAÍ;0000.00.0150;2004;56918,10923313200;237613,7177;"DEC S/N, de 04/06/2004; DEC S/N, de 20/02/2006";Federal;PARNA;PI;SC;MATA ATLÂNTICA;MATA ATLÂNTICA;GR5;22S;Dado não disponível;Dado não disponível;Não nucleada
PARQUE NACIONAL DA SERRA DO PARDO;0000.00.0151;2005;445413,44735427200;316799,6827;DEC S/N, de 17/02/2005;Federal;PARNA;PI;PA;AMAZÔNIA;AMAZÔNIA;GR1;22S;Dado não disponível;Dado não disponível;ICMBio Terra do Meio
PARQUE NACIONAL DA SERRA DOS ORGÃOS;0000.00.0152;1984;19850,30657486300;131137,5092;"DEC 1.822, de 30/11/1939 ;DEC 90.023, de 02/08/1984 ;DEC S/N, de 13/09/2008; LEI 14452 de 21/09/2022; LEI 14516 de 29/12/2022";Federal;PARNA;PI;RJ;MATA ATLÂNTICA;MATA ATLÂNTICA;GR4;23S;Dado não disponível;Dado não disponível;ICMBio Teresópolis
PARQUE NACIONAL DA SERRA GERAL;0000.00.0153;1992;17302,00815580020;104933,4256;DEC 531, de 20/05/1992;Federal;PARNA;PI;SC/RS;MATA ATLÂNTICA;MATA ATLÂNTICA;GR5;22S;Dado não disponível;Dado não disponível;Não nucleada
PARQUE NACIONAL DA TIJUCA;0000.00.0154;1961;3958,51168423983;88484,4751;"DEC 50.923, de 06/07/1961 ;DEC 60.183, de 08/02/1967 ;DEC 70.186, de 23/02/1972 ;DEC S/N, de 03/06/2004";Federal;PARNA;PI;RJ;MATA ATLÂNTICA;MATA ATLÂNTICA;GR4;23S;Dado não disponível;Dado não disponível;Não nucleada
PARQUE NACIONAL DAS ARAUCÁRIAS;0000.00.0262;2005;12809,58836369260;180769,1437;DEC S/N, de 19/10/2005;Federal;PARNA;PI;SC;MATA ATLÂNTICA;MATA ATLÂNTICA;GR5;22S;Dado não disponível;Dado não disponível;ICMBio Palmas
PARQUE NACIONAL DAS EMAS;0000.00.0155;1961;132787,86029040000;191026,9717;"DEC 49.874, de 11/01/1961; DEC 70.375, de 06/04/1972";Federal;PARNA;PI;MS/GO;CERRADO;CERRADO;GR3;22S;Dado não disponível;Dado não disponível;Não nucleada
PARQUE NACIONAL DAS NASCENTES DO RIO PARNAÍBA;0000.00.0156;2002;749774,17513058900;878773,0242;"DEC S/N, de 16/07/2002; LEI 13.090, de 12/01/2015";Federal;PARNA;PI;MA/PI/BA;CERRADO;CERRADO;GR2;23S;Dado não disponível;Dado não disponível;Não nucleada
PARQUE NACIONAL DAS SEMPRE-VIVAS;0000.00.0157;2002;124155,89933228200;168692,6042;DEC S/N, de 13/12/2002;Federal;PARNA;PI;MG;CERRADO;CERRADO;GR4;23S;Dado não disponível;Dado não disponível;Não nucleada
PARQUE NACIONAL DE ANAVILHANAS;0000.00.0049;1981;350243,31231099000;445682,3239;"DEC 86.061, de 02/06/1981;LEI 11.799, de 29/10/2008";Federal;PARNA;PI;AM;AMAZÔNIA;AMAZÔNIA;GR1;20S;Dado não disponível;Dado não disponível;ICMBio Novo Airão
PARQUE NACIONAL DE APARADOS DA SERRA;0000.00.0158;1959;13148,13618098400;64971,4266;"DEC 47.446, de 17/12/1959;DEC 70.296, de 17/03/1972";Federal;PARNA;PI;SC/RS;MATA ATLÂNTICA;MATA ATLÂNTICA;GR5;22S;Dado não disponível;Dado não disponível;Não nucleada
PARQUE NACIONAL DE BOA NOVA;0000.00.1908;2010;12294,66419871890;135723,3329;DEC S/N, de 11/06/2010;Federal;PARNA;PI;BA;MATA ATLÂNTICA;MATA ATLÂNTICA;GR2;24S;Dado não disponível;Dado não disponível;ICMBio Sudoeste Baiano
PARQUE NACIONAL DE BRASÍLIA;0000.00.0159;1961;42355,54186034660;186403,1687;"DEC 241, de 29/11/1961; LEI 11.285, de 09/03/2006";Federal;PARNA;PI;DF;CERRADO;CERRADO;GR3;23S;Dado não disponível;Dado não disponível;ICMBio Brasília-Contagem
PARQUE NACIONAL DE CAPARAÓ;0000.00.0160;1961;31763,29138798750;139067,4001;"DEC 50.646, de 24/05/1961; DEC S/N, de 20/11/1991; DEC S/N, de 20/11/1997";Federal;PARNA;PI;ES/MG;MATA ATLÂNTICA;MATA ATLÂNTICA;GR4;24S;Dado não disponível;Dado não disponível;Não nucleada
PARQUE NACIONAL DE ILHA GRANDE;0000.00.0161;1997;76138,18616291460;891463,9460;DEC S/N, de 30/09/1997;Federal;PARNA;PI;MS/PR;MATA ATLÂNTICA;MATA ATLÂNTICA;GR5;22S;Dado não disponível;Dado não disponível;ICMBio Rio Paraná
PARQUE NACIONAL DE ITATIAIA;0000.00.0184;1937;28086,34962326510;103981,2691;"DEC 1.713, de 14/06/1937; DEC 87.586, de 20/09/1982";Federal;PARNA;PI;MG/RJ;MATA ATLÂNTICA;MATA ATLÂNTICA;GR4;23S;Dado não disponível;Dado não disponível;Não nucleada
PARQUE NACIONAL DE JERICOACOARA;0000.00.0162;2002;8855,46858478383;55469,5573;"DEC S/N, de 04/02/2002; LEI 11.486, de 15/06/2007";Federal;PARNA;PI;CE;CAATINGA;CAATINGA;GR2;24S;Dado não disponível;Dado não disponível;Não nucleada
PARQUE NACIONAL DE PACAÁS NOVOS;0000.00.0163;1979;708669,90449489900;608977,9603;DEC 84.019, de 21/09/1979;Federal;PARNA;PI;RO;AMAZÔNIA;AMAZÔNIA;GR1;20S;Dado não disponível;Dado não disponível;Não nucleada
PARQUE NACIONAL DE SAINT-HILAIRE/LANGE;0000.00.0164;2001;24352,42619483920;163082,6151;LO 10.227, de 23/05/2001;Federal;PARNA;PI;PR;MATA ATLÂNTICA;MATA ATLÂNTICA;GR5;22S;Dado não disponível;Dado não disponível;ICMBio Matinhos
PARQUE NACIONAL DE SÃO JOAQUIM;0000.00.0165;1961;49672,37565296410;173525,0788;"DEC 50.922, de 06/07/1961; LEI 13273, de15/04/2016";Federal;PARNA;PI;SC;MATA ATLÂNTICA;MATA ATLÂNTICA;GR5;22S;Dado não disponível;Dado não disponível;Não nucleada
PARQUE NACIONAL DE SETE CIDADES;0000.00.0166;1961;6303,73683406817;32698,1977;DEC 50.744, de 05/06/1961;Federal;PARNA;PI;PI;CAATINGA;CAATINGA;GR2;24S;Dado não disponível;Dado não disponível;Não nucleada
PARQUE NACIONAL DE UBAJARA;0000.00.0167;1959;6304,44278666786;6304,4428;"DEC 45.954, de 30/04/1959; DEC 72.144, de 26/04/1973; DEC S/N, de 13/12/2002";Federal;PARNA;PI;CE;CAATINGA;CAATINGA;GR2;24S;Dado não disponível;Dado não disponível;Não nucleada
PARQUE NACIONAL DO ACARI;0000.00.3410;2016;896410,95421951600;490321,4169;DEC S/N de 11/05/2016;Federal;PARNA;PI;AM;AMAZÔNIA;AMAZÔNIA;GR1;21S;Dado não disponível;Dado não disponível;ICMBio Humaitá
PARQUE NACIONAL DO ALTO CARIRI;0000.00.1910;2010;19238,26209326570;150548,7801;DEC S/N, de 11/06/2010;Federal;PARNA;PI;BA;MATA ATLÂNTICA;MATA ATLÂNTICA;GR2;24S;Dado não disponível;Dado não disponível;Não nucleada
PARQUE NACIONAL DO ARAGUAIA;0000.00.0168;1959;555524,43834191100;536086,9425;"DEC 47.570, de 31/12/1959; DEC 84.844, de 24/06/1980";Federal;PARNA;PI;TO;CERRADO;CERRADO;GR3;22S;Dado não disponível;Dado não disponível;Não nucleada
PARQUE NACIONAL DO BOQUEIRÃO DA ONÇA;0000.00.3652;2018;346908,10307084600;776645,7170;DEC 9.336 de 05/04/2018;Federal;PARNA;PI;BA;CAATINGA;CAATINGA;GR2;23S e 24S;Dado não disponível;Dado não disponível;ICMBio Juazeiro
PARQUE NACIONAL DO CABO ORANGE;0000.00.0169;1980;657327,77443172700;512897,9734;DEC 84.913, de 15/07/1980;Federal;PARNA;PI;AP;AMAZÔNIA;AMAZÔNIA;GR1;22N;Dado não disponível;Dado não disponível;Não nucleada
PARQUE NACIONAL DO CATIMBAU;0000.00.0170;2002;62295,09970495330;146020,2716;DEC S/N, de 13/12/2002;Federal;PARNA;PI;PE;CAATINGA;CAATINGA;GR2;24S;Dado não disponível;Dado não disponível;Não nucleada
PARQUE NACIONAL DO DESCOBRIMENTO;0000.00.0171;1999;22694,25911983290;156593,4227;DEC S/N, de 05/06/2012;Federal;PARNA;PI;BA;MATA ATLÂNTICA;MATA ATLÂNTICA;GR2;24S;Dado não disponível;Dado não disponível;Não nucleada
PARQUE NACIONAL DO IGUAÇU;0000.00.0172;1939;169697,05519240200;408487,2967;"DEC  1.035, de 10/01/1939; DEC 86.676, de 01/12/1981";Federal;PARNA;PI;PR;MATA ATLÂNTICA;MATA ATLÂNTICA;GR5;21S;Dado não disponível;Dado não disponível;Não nucleada
PARQUE NACIONAL DO JAÁ;0000.00.0173;1980;2367357,46908216000;1158790,8905;DEC 85.200 de 24/09/1980;Federal;PARNA;PI;AM/RR;AMAZÔNIA;AMAZÔNIA;GR1;20S;Dado não disponível;Dado não disponível;ICMBio Novo Airão
PARQUE NACIONAL DO JAMANXIM;0000.00.0267;2006;862895,27297869300;835539,5737;"DEC S/N de 13/02/2006; LEI 13.452 de 19/06/2017";Federal;PARNA;PI;PA;AMAZÔNIA;AMAZÔNIA;GR1;21S;Dado não disponível;Dado não disponível;Unidade Especial Avançada - UNA Itaituba
PARQUE NACIONAL DO JURUENA;0000.00.0281;2006;1958014,41718870000;1298682,7725;DEC S/N de 05/06/2006;Federal;PARNA;PI;AM/MT;AMAZÔNIA;AMAZÔNIA;GR3;21S;Dado não disponível;Dado não disponível;Não nucleada
PARQUE NACIONAL DO MONTE RORAIMA;0000.00.0174;1989;116749,24034973800;314386,7548;DEC 97.887, de 28/06/1989;Federal;PARNA;PI;RR;AMAZÔNIA;AMAZÔNIA;GR1;20N;Dado não disponível;Dado não disponível;ICMBio Roraima
PARQUE NACIONAL DO PANTANAL MATO-GROSSENSE;0000.00.0175;1981;135922,64619155100;302450,5941;DEC 86.392, de 24/09/1981;Federal;PARNA;PI;MS/MT;PANTANAL;PANTANAL;GR3;21S;Dado não disponível;Dado não disponível;Não nucleada
PARQUE NACIONAL DO PAU BRASIL;0000.00.0176;1999;18934,54555378030;92210,9389;DEC S/N, de 11/06/2010;Federal;PARNA;PI;BA;MATA ATLÂNTICA;MATA ATLÂNTICA;GR2;24S;Dado não disponível;Dado não disponível;Não nucleada
PARQUE NACIONAL DO PICO DA NEBLINA;0000.00.0177;1979;2252638,58796552000;973850,9439;DEC 83.550, de 05/06/1979;Federal;PARNA;PI;AM;AMAZÔNIA;AMAZÔNIA;GR1;19N, 19S, 20N e 20S;Dado não disponível;Dado não disponível;Não nucleada
PARQUE NACIONAL DO RIO NOVO;0000.00.0264;2006;538157,14662820700;735678,4390;DEC S/N, de 13/02/2006;Federal;PARNA;PI;PA;AMAZÔNIA;AMAZÔNIA;GR1;21S;Dado não disponível;Dado não disponível;Unidade Especial Avançada - UNA Itaituba
PARQUE NACIONAL DO SUPERAGUI;0000.00.0178;1989;33860,63783747330;158915,2361;"DEC 97.688 de 25/04/1989; DEC 9.513 de 20/11/1997";Federal;PARNA;PI;SP/PR;MATA ATLÂNTICA;MATA ATLÂNTICA;GR5;22S;Dado não disponível;Dado não disponível;ICMBio Antonina-Guaraqueçaba
PARQUE NACIONAL DO VIRUÁ;0000.00.0179;1998;214950,51904812400;238981,5818;DEC S/N, de 29/04/1998;Federal;PARNA;PI;RR;AMAZÔNIA;AMAZÔNIA;GR1;20S;Dado não disponível;Dado não disponível;ICMBio Roraima
PARQUE NACIONAL DOS CAMPOS AMAZÔNICOS;0000.00.0284;2006;961326,64906170400;1072984,1874;"DEC S/N, de 21/06/2006; MP 542, de 12/08/2011; LEI 12.678, de 25/06/2012";Federal;PARNA;PI;RO/MT/AM;AMAZÔNIA;AMAZÔNIA;GR1;20S;Dado não disponível;Dado não disponível;ICMBio Humaitá
PARQUE NACIONAL DOS CAMPOS FERRUGINOSOS;0000.00.3519;2017;79086,03778204840;263471,0776;DEC S/N de 05/06/2017;Federal;PARNA;PI;PA;AMAZÔNIA;AMAZÔNIA;GR1;22S;Dado não disponível;Dado não disponível;Não nucleada
PARQUE NACIONAL DOS CAMPOS GERAIS;0000.00.0277;2006;21299,07596924660;159417,5242;DEC S/N de 23/03/2006;Federal;PARNA;PI;PR;MATA ATLÂNTICA;MATA ATLÂNTICA;GR5;22S;Dado não disponível;Dado não disponível;ICMBio Campos Gerais
PARQUE NACIONAL DOS LENÇOIS MARANHENSES;0000.00.0180;1981;156608,15719049700;217569,6513;DEC 86.060, de 02/06/1981;Federal;PARNA;PI;MA;CERRADO;CERRADO e MARINHO COSTEIRO;GR2;23S;Dado não disponível;Dado não disponível;Não nucleada
PARQUE NACIONAL E HISTÓRICO DO MONTE PASCOAL;0000.00.0182;1961;22239,84438186170;94155,9170;"DEC  242 de 29/11/1961; DEC 3.421, de 20/04/2000";Federal;PARNA;PI;BA;MATA ATLÂNTICA;MATA ATLÂNTICA;GR2;24S;Dado não disponível;Dado não disponível;Não nucleada
PARQUE NACIONAL GRANDE SERTÃO VEREDAS;0000.00.0183;1989;230856,14300043800;281892,0973;"DEC 97.658, de 12/04/1989; DEC S/N, de 21/05/2004";Federal;PARNA;PI;BA/MG;CERRADO;CERRADO;GR4;23S;Dado não disponível;Dado não disponível;Não nucleada
PARQUE NACIONAL GUARICANA;0000.00.3137;2014;49286,87445066550;172201,3882;DEC S/N, de 13/10/2014;Federal;PARNA;PI;PR;MATA ATLÂNTICA;MATA ATLÂNTICA;GR5;22S;Dado não disponível;Dado não disponível;ICMBio Curitiba
PARQUE NACIONAL MAPINGUARI;0000.00.1633;2008;1776932,04490754000;1937217,3261;"DEC S/N , de 05/06/2008; LEI 12.249, de 11/06/2010; LEI 12.678, de 25/06/2012";Federal;PARNA;PI;AM/RO;AMAZÔNIA;AMAZÔNIA;GR1;20S;Dado não disponível;Dado não disponível;ICMBio Porto Velho
PARQUE NACIONAL MARINHO DAS ILHAS DOS CURRAIS;0000.00.2874;2013;1359,70097761679;16067,6748;LEI 12.829, de 20/06/2013;Federal;PARNA;PI;PR;MARINHO COSTEIRO;MARINHO COSTEIRO;GR5;22S;Dado não disponível;Dado não disponível;ICMBio Matinhos
PARQUE NACIONAL MARINHO DE FERNANDO DE NORONHA;0000.00.0186;1988;10932,56721022430;62031,8172;DEC 96.693, de 14/09/1988;Federal;PARNA;PI;PE;MARINHO COSTEIRO;MARINHO COSTEIRO;GR2;25S;Dado não disponível;Dado não disponível;ICMBio Noronha
PARQUE NACIONAL MARINHO DOS ABROLHOS;0000.00.0185;1983;87943,13950610520;168777,7029;DEC 88.218, de 06/04/1983;Federal;PARNA;PI;BA;MARINHO COSTEIRO;MARINHO COSTEIRO;GR2;24S;Dado não disponível;Dado não disponível;Não nucleada
PARQUE NACIONAL MONTANHAS DO TUMUCUMAQUE;0000.00.0187;2002;3865172,48242327000;1715929,9912;DEC S/N, de 22/08/2002;Federal;PARNA;PI;AP;AMAZÔNIA;AMAZÔNIA;GR1;21N e 22N;Dado não disponível;Dado não disponível;ICMBio Amapá Central
PARQUE NACIONAL NASCENTES DO LAGO JARI;0000.00.1626;2008;808607,83897606200;628167,8536;DEC S/N, de 08/05/2008;Federal;PARNA;PI;AM;AMAZÔNIA;AMAZÔNIA;GR1;20S;Dado não disponível;Dado não disponível;ICMBio Porto Velho
PARQUE NACIONAL SERRA DA CUTIA;0000.00.0188;2001;283503,49531388500;344052,6105;DEC S/N, de 01/08/2001;Federal;PARNA;PI;RO;AMAZÔNIA;AMAZÔNIA;GR1;20S;Dado não disponível;Dado não disponível;ICMBio Guajará-Mirim
PARQUE NACIONAL SERRA DA MOCIDADE;0000.00.0189;1998;359943,61473035100;403192,7892;DEC S/N, de 29/04/1998;Federal;PARNA;PI;AM/RR;AMAZÔNIA;AMAZÔNIA;GR1;20N;Dado não disponível;Dado não disponível;ICMBio Roraima
PARQUE NACIONAL SERRA DE ITABAIANA;0000.00.0147;2005;8024,79426562047;89014,0122;DEC S/N, de 15/06/2005;Federal;PARNA;PI;SE;MATA ATLÂNTICA;MATA ATLÂNTICA;GR2;24S;Dado não disponível;Dado não disponível;ICMBio Itabaiana-Ibura
REFÁGIO DE VIDA SILVESTRE DA ARARINHA AZUL;0000.00.3694;2018;29234,73460432180;109426,8680;DEC 9.402 de 05/06/2018;Federal;REVIS;PI;BA;CAATINGA;CAATINGA;GR2;24S;Dado não disponível;Dado não disponível;ICMBio Juazeiro
REFÁGIO DE VIDA SILVESTRE DAS VEREDAS DO OESTE BAIANO;0000.00.0219;2002;128050,55260706300;330955,0585;"DEC S/N de 13/12/2002; DEC S/N de 11/06/2010";Federal;REVIS;PI;BA;CERRADO;CERRADO;GR3;23S;Dado não disponível;Dado não disponível;ICMBio Mambaí
REFÁGIO DE VIDA SILVESTRE DO ARQUIPÉLAGO DE ALCATRAZES;0000.00.3432;2016;67479,29050836450;153039,3378;DEC S/N de 02/08/2016;Federal;REVIS;PI;SP;MARINHO COSTEIRO;MARINHO COSTEIRO;GR4;23S;Dado não disponível;Dado não disponível;ICMBio Alcatrazes
REFÁGIO DE VIDA SILVESTRE DOS CAMPOS DE PALMAS;0000.00.0278;2006;16594,28697205090;90949,3756;DEC S/N de 03/04/2006;Federal;REVIS;PI;PR/SC;MATA ATLÂNTICA;MATA ATLÂNTICA;GR5;22S;Dado não disponível;Dado não disponível;ICMBio Palmas
REFUGIO DE VIDA SILVESTRE DA ILHA DOS LOBOS;0000.00.0190;1983;142,38819911457;4800,4287;"DEC N 88.463, DE 04/07/1983; DEC S/N de 13/02/2006";Federal;REVIS;PI;RS;MARINHO COSTEIRO;MARINHO COSTEIRO;GR5;22S;Dado não disponível;Dado não disponível;Não nucleada
REFUGIO DE VIDA SILVESTRE DE BOA NOVA;0000.00.1907;2010;14833,54729127110;202682,4784;DEC S/N, de 11/06/2010;Federal;REVIS;PI;BA;MATA ATLÂNTICA;MATA ATLÂNTICA;GR2;24S;Dado não disponível;Dado não disponível;ICMBio Sudoeste Baiano
REFUGIO DE VIDA SILVESTRE DE SANTA CRUZ;0000.00.1911;2010;17749,99829852980;63101,6783;DEC S/N de 17/06/2010;Federal;REVIS;PI;ES;MARINHO COSTEIRO;MARINHO COSTEIRO;GR4;24S;Dado não disponível;Dado não disponível;Não nucleada
REFUGIO DE VIDA SILVESTRE DE UNA;0000.00.1880;2007;23262,08582574580;209934,4520;DEC S/N de 21/12/2007;Federal;REVIS;PI;BA;MATA ATLÂNTICA;MATA ATLÂNTICA;GR2;24S;Dado não disponível;Dado não disponível;Não nucleada
REFUGIO DE VIDA SILVESTRE DO RIO DOS FRADES;0000.00.1813;2007;898,67840115769;13872,2136;DEC S/N de 21/12/2007;Federal;REVIS;PI;BA;MATA ATLÂNTICA;MATA ATLÂNTICA;GR2;24S;Dado não disponível;Dado não disponível;Não nucleada
RESERVA BIOLÓGICA  AUGUSTO RUSCHI;0000.00.0191;1982;3562,32253534471;46185,3895;"DEC 87.589 de 20/09/1982; DEC 92.753 de 05/06/1986";Federal;REBIO;PI;ES;MATA ATLÂNTICA;MATA ATLÂNTICA;GR4;24S;Dado não disponível;Dado não disponível;Não nucleada
RESERVA BIOLÓGICA BOM JESUS;0000.00.2634;2012;34179,02613136870;185217,4804;DEC S/N de 05/06/2012;Federal;REBIO;PI;PR;MATA ATLÂNTICA;MATA ATLÂNTICA;GR5;22S;Dado não disponível;Dado não disponível;ICMBio Antonina-Guaraqueçaba
RESERVA BIOLÓGICA DA CONTAGEM;0000.00.0192;2002;3411,71689466137;46816,7909;DEC S/N de 13/12/2002;Federal;REBIO;PI;DF;CERRADO;CERRADO;GR3;23S;Dado não disponível;Dado não disponível;ICMBio Brasília-Contagem
RESERVA BIOLÓGICA DA MATA ESCURA;0000.00.0193;2003;50892,38797638860;189320,3747;DEC S/N de 05/06/2003;Federal;REBIO;PI;MG;MATA ATLÂNTICA;MATA ATLÂNTICA;GR4;24S;Dado não disponível;Dado não disponível;Não nucleada
RESERVA BIOLÓGICA DAS ARAUCÁRIAS;0000.00.0276;2006;14930,49284120350;274160,7481;DEC S/N de 23/03/2006;Federal;REBIO;PI;PR;MATA ATLÂNTICA;MATA ATLÂNTICA;GR5;22S;Dado não disponível;Dado não disponível;ICMBio Campos Gerais
RESERVA BIOLÓGICA DAS PEROBAS;0000.00.0275;2006;8716,19222246054;49665,4374;DEC S/N de 20/03/2006;Federal;REBIO;PI;PR;MATA ATLÂNTICA;MATA ATLÂNTICA;GR5;22S;Dado não disponível;Dado não disponível;Não nucleada
RESERVA BIOLÓGICA DE COMBOIOS;0000.00.0195;1984;784,64167742251;28359,4256;DEC  90.222 de 25/09/1984;Federal;REBIO;PI;ES;MATA ATLÂNTICA;MARINHO COSTEIRO e MATA ATLÂNTICA;GR4;24S;Dado não disponível;Dado não disponível;Não nucleada
RESERVA BIOLOGICA DE PEDRA TALHADA;0000.00.0197;1989;4382,37232481945;33081,7646;DEC  98.524 de 13/12/1989;Federal;REBIO;PI;PE/AL;MATA ATLÂNTICA;MATA ATLÂNTICA;GR2;24S;Dado não disponível;Dado não disponível;Não nucleada
RESERVA BIOLÓGICA DE POÇO DAS ANTAS;0000.00.0215;1974;5052,53351637290;38474,3438;"DEC  73.791 de 11/03/1974; DEC  76.534 de 13/11/1975";Federal;REBIO;PI;RJ;MATA ATLÂNTICA;MATA ATLÂNTICA;GR4;23S;Dado não disponível;Dado não disponível;ICMBio Mico-Leão-Dourado
RESERVA BIOLÓGICA DE SALTINHO;0000.00.0198;1983;562,57688826758;10679,7220;DEC  88.744 de 21/09/1983;Federal;REBIO;PI;PE;MATA ATLÂNTICA;MATA ATLÂNTICA;GR2;25S;Dado não disponível;Dado não disponível;ICMBio Costa dos Corais
RESERVA BIOLÓGICA DE SANTA ISABEL;0000.00.0199;1988;4109,88365895326;81143,4957;DEC  96.999 de 20/10/1988;Federal;REBIO;PI;SE;MATA ATLÂNTICA;MATA ATLÂNTICA e MARINHO COSTEIRO;GR2;24S;Dado não disponível;Dado não disponível;Não nucleada
RESERVA BIOLÓGICA DE SERRA NEGRA;0000.00.0200;1982;624,85834312623;12588,6920;DEC  87.591 de 20/08/1982;Federal;REBIO;PI;PE;CAATINGA;CAATINGA;GR2;24S;Dado não disponível;Dado não disponível;Não nucleada
RESERVA BIOLÓGICA DE SOORETAMA;0000.00.0201;1982;27859,01271233910;102174,2209;DEC  87.588 de 20/09/1982;Federal;REBIO;PI;ES;MATA ATLÂNTICA;MATA ATLÂNTICA;GR4;24S;Dado não disponível;Dado não disponível;Não nucleada
RESERVA BIOLÓGICA DE UATUMÃ;0000.00.0213;1990;938731,62162260000;532557,7648;"DEC  99.277 de 06/06/1990; DEC S/N de 19/09/2002";Federal;REBIO;PI;AM;AMAZÔNIA;AMAZÔNIA;GR1;21S;Dado não disponível;Dado não disponível;Não nucleada
RESERVA BIOLÓGICA DE UNA;0000.00.0202;1980;18725,06284012440;92146,6599;DEC  85.463 de 10/12/1980;Federal;REBIO;PI;BA;MATA ATLÂNTICA;MATA ATLÂNTICA;GR2;24S;Dado não disponível;Dado não disponível;Não nucleada
RESERVA BIOLÓGICA DO ABUFARI;0000.00.0194;1982;224748,68752818100;303382,7876;DEC  87.585 de 20/09/1982;Federal;REBIO;PI;AM;AMAZÔNIA;AMAZÔNIA;GR1;20S;Dado não disponível;Dado não disponível;Não nucleada
RESERVA BIOLÓGICA DO ATOL DAS ROCAS;0000.00.0203;1979;35187,01418727420;92764,1171;DEC  83.549 de 05/06/1979;Federal;REBIO;PI;PE;MARINHO COSTEIRO;MARINHO COSTEIRO;GR2;25S;Dado não disponível;Dado não disponível;Não nucleada
RESERVA BIOLÓGICA DO CÓRREGO DO VEADO;0000.00.0204;1982;2375,76298459933;24338,9808;"DEC  87.590 de 20/09/1982; DEC 89.569 de 23/04/1984";Federal;REBIO;PI;ES;MATA ATLÂNTICA;MATA ATLÂNTICA;GR4;24S;Dado não disponível;Dado não disponível;ICMBio São Mateus
RESERVA BIOLÓGICA DO CÓRREGO GRANDE;0000.00.0205;1989;1503,75188841116;19574,9135;DEC  97.657 de 12/04/1989;Federal;REBIO;PI;ES;MATA ATLÂNTICA;MATA ATLÂNTICA;GR4;24S;Dado não disponível;Dado não disponível;ICMBio São Mateus
RESERVA BIOLÓGICA DO GUAPORÉ;0000.00.0206;1982;615776,32942533000;518625,3831;DEC  87.587 de 20/09/1982;Federal;REBIO;PI;RO;AMAZÔNIA;AMAZÔNIA;GR1;20S;Dado não disponível;Dado não disponível;ICMBio Cautário-Guaporé
RESERVA BIOLÓGICA DO GURUPI;0000.00.0207;1988;271201,42040641000;324870,5455;DEC 95.614 de 12/01/1988;Federal;REBIO;PI;MA;AMAZÔNIA;AMAZÔNIA;GR1;23S;Dado não disponível;Dado não disponível;Não nucleada
RESERVA BIOLÓGICA DO JARU;0000.00.0208;1979;346864,19819328500;358385,7964;"DEC  83.716 de 11/07/1979; DEC S/N de 02/05/2006";Federal;REBIO;PI;RO;AMAZÔNIA;AMAZÔNIA;GR1;20S;Dado não disponível;Dado não disponível;Não nucleada
RESERVA BIOLÓGICA DO LAGO PIRATUBA;0000.00.0209;1980;392474,84887904600;308325,7205;"DEC  84.914 de 16/07/1980; DEC  89.932 de 10/07/1984";Federal;REBIO;PI;AP;AMAZÔNIA;AMAZÔNIA;GR1;22N;Dado não disponível;Dado não disponível;Não nucleada
RESERVA BIOLÓGICA DO MANICORÉ;0000.00.3411;2016;359137,54555294200;364057,5757;DEC S/N de 11/05/2016;Federal;REBIO;PI;AM;AMAZÔNIA;AMAZÔNIA;GR1;20S;Dado não disponível;Dado não disponível;ICMBio Humaitá
RESERVA BIOLÓGICA DO RIO TROMBETAS;0000.00.0210;1979;407759,21298268800;342706,9767;DEC  84018 de 21/09/1979;Federal;REBIO;PI;PA;AMAZÔNIA;AMAZÔNIA;GR1;21S;Dado não disponível;Dado não disponível;ICMBio Trombetas
RESERVA BIOLÓGICA DO TAPIRAPÉ;0000.00.0211;1989;99273,03531191300;286141,7436;DEC  97.719 de 05/05/1989;Federal;REBIO;PI;PA;AMAZÔNIA;AMAZÔNIA;GR1;22S;Dado não disponível;Dado não disponível;Não nucleada
RESERVA BIOLÓGICA DO TINGUÁ;0000.00.0212;1989;24812,90235927560;121006,2453;DEC  97.780 de 23/05/1989;Federal;REBIO;PI;RJ;MATA ATLÂNTICA;MATA ATLÂNTICA;GR4;23S;Dado não disponível;Dado não disponível;ICMBio Teresópolis
RESERVA BIOLÓGICA GUARIBAS;0000.00.0196;1990;4051,69033041091;65602,3725;DEC  98.884 de 25/01/1990;Federal;REBIO;PI;PB;MATA ATLÂNTICA;MATA ATLÂNTICA;GR2;25S;Dado não disponível;Dado não disponível;ICMBio Mamanguape
RESERVA BIOLÓGICA MARINHA DO ARVOREDO;0000.00.0214;1990;17104,59968176590;55048,0724;DEC  99.142 de 12/03/1990;Federal;REBIO;PI;SC;MARINHO COSTEIRO;MARINHO COSTEIRO e MATA ATLÂNTICA;GR5;22S;Dado não disponível;Dado não disponível;ICMBio Florianópolis
RESERVA BIOLÓGICA NASCENTES DA SERRA DO CACHIMBO;0000.00.0216;2005;342195,77293694100;318179,8122;DEC S/N de 20/05/2005;Federal;REBIO;PI;PA;AMAZÔNIA;AMAZÔNIA;GR1;21S;Dado não disponível;Dado não disponível;Unidade Especial Avançada - UNA Itaituba
RESERVA BIOLÓGICA UNIÃO;0000.00.0217;1998;7756,75871994724;125390,7588;"DEC S/N de 22/04/1998;  DEC S/N de 05/06/2017";Federal;REBIO;PI;RJ;MATA ATLÂNTICA;MATA ATLÂNTICA;GR4;23S;Dado não disponível;Dado não disponível;ICMBio Mico-Leão-Dourado
RESERVA DE DESENVOLVIMENTO DE SUSTENTÁVEL DE  ITATUPÃ-BAQUIÁ;0000.00.0218;2005;64442,17836856250;116194,2965;DEC S/N de 14/06/2005;Federal;RDS;US;PA;AMAZÔNIA;AMAZÔNIA;GR1;22S;Dado não disponível;Dado não disponível;Não nucleada
RESERVA DE DESENVOLVIMENTO SUSTENTÁVEL NASCENTES GERAIZEIRAS;0000.00.3135;2014;38177,26679614280;210491,6825;DEC S/N de 13/10/2014;Federal;RDS;US;MG;CERRADO;MATA ATLÂNTICA e CERRADO;GR4;23S;Dado não disponível;Dado não disponível;Não nucleada
RESERVA EXTRATIVISTA ACAÁ-GOIANA;0000.00.1563;2007;6676,79398147015;87667,7358;DEC S/N, de 26/09/2007;Federal;RESEX;US;PB/PE;MATA ATLÂNTICA;MATA ATLÂNTICA;GR2;25S;Dado não disponível;Dado não disponível;ICMBio Cabedelo
RESERVA EXTRATIVISTA ARAPIRANGA-TROMAÍ;0000.00.3654;2018;186909,14179557600;196671,2846;DEC 9.339 de 05/04/2018;Federal;RESEX;US;MA;MARINHO COSTEIRO;MARINHO COSTEIRO;GR1;23S;Dado não disponível;Dado não disponível;ICMBio São Luís
RESERVA EXTRATIVISTA ARAPIXI;0000.00.0285;2006;133711,50655696500;251222,3746;DEC S/N, de 21/06/2006;Federal;RESEX;US;AM;AMAZÔNIA;AMAZÔNIA;GR1;19S;Dado não disponível;Dado não disponível;Não nucleada
RESERVA EXTRATIVISTA ARIÓCA PRUANÃ;0000.00.0273;2005;83816,71606828000;154151,1556;DEC S/N, de  16/11/2005;Federal;RESEX;US;PA;AMAZÔNIA;AMAZÔNIA;GR1;22S;Dado não disponível;Dado não disponível;ICMBio Breves
RESERVA EXTRATIVISTA AUATÍ-PARANÁ;0000.00.0220;2001;146949,37569676700;275354,8416;DEC S/N, de 07/08/2001;Federal;RESEX;US;AM;AMAZÔNIA;AMAZÔNIA;GR1;19S;Dado não disponível;Dado não disponível;ICMBio Tefé
RESERVA EXTRATIVISTA BAIXO RIO BRANCO-JAUAPERI;0000.00.3693;2018;580630,92060905600;511439,9089;DEC 9.401 de 05/06/2018;Federal;RESEX;US;AM/RR;AMAZÔNIA;AMAZÔNIA;GR1;20N;Dado não disponível;Dado não disponível;ICMBio Novo Airão
RESERVA EXTRATIVISTA BARREIRO DAS ANTAS;0000.00.0221;2001;106198,52218283700;205147,2608;DEC S/N, de 07/08/2001;Federal;RESEX;US;RO;AMAZÔNIA;AMAZÔNIA;GR1;20S;Dado não disponível;Dado não disponível;ICMBio Mico-Leão-Dourado
RESERVA EXTRATIVISTA CHAPADA LIMPA;0000.00.1564;2007;11973,23128423550;49987,3636;DEC S/N, de 26/09/2007;Federal;RESEX;US;MA;CERRADO;CERRADO;GR2;23S;Dado não disponível;Dado não disponível;Não nucleada
RESERVA EXTRATIVISTA CHICO MENDES;0000.00.0222;1990;931542,94233530300;1102937,6429;DEC 99.144, de 12/03/1990;Federal;RESEX;US;AC;AMAZÔNIA;AMAZÔNIA;GR1;19S;Dado não disponível;Dado não disponível;ICMBio Chico Mendes
RESERVA EXTRATIVISTA CHOCOARÉ-MATO GROSSO;0000.00.0223;2002;2783,19718598057;62574,5590;DEC S/N, de 16/12/2002;Federal;RESEX;US;PA;AMAZÔNIA;AMAZÔNIA;GR1;23S;Dado não disponível;Dado não disponível;ICMBio Salgado Paraense
RESERVA EXTRATIVISTA DA BAÍA DO TUBARÃO;0000.00.3653;2018;223888,97556334000;403112,4407;DEC 9.340 de 05/04/2018;Federal;RESEX;US;MA;MARINHO COSTEIRO;MARINHO COSTEIRO, AMAZÔNIA e CERRADO;GR1;23S;Dado não disponível;Dado não disponível;ICMBio São Luís
RESERVA EXTRATIVISTA DE CANAVIEIRAS;0000.00.0253;2006;100688,40786390700;221281,7578;DEC S/N, de  05/06/2006;Federal;RESEX;US;BA;MATA ATLÂNTICA;MATA ATLÂNTICA;GR2;24S;Dado não disponível;Dado não disponível;Não nucleada
RESERVA EXTRATIVISTA DE CASSURUBÁ;0000.00.1808;2009;100578,37810832600;284012,9369;DEC S/N de  05/06/2009;Federal;RESEX;US;BA;MATA ATLÂNTICA;MATA ATLÂNTICA;GR2;24S;Dado não disponível;Dado não disponível;Não nucleada
RESERVA EXTRATIVISTA DE CURURUPU;0000.00.0279;2004;186056,73005464600;605667,0926;DEC S/N, de 02/06/2004;Federal;RESEX;US;MA;AMAZÔNIA;AMAZÔNIA;GR1;23S;Dado não disponível;Dado não disponível;ICMBio São Luís
RESERVA EXTRATIVISTA DE RECANTO DAS ARARAS DE TERRA RONCA;0000.00.0286;2006;12349,32980189550;58832,8164;DEC S/N, de 11/09/2006;Federal;RESEX;US;GO;CERRADO;CERRADO;GR3;23S;Dado não disponível;Dado não disponível;Não nucleada
RESERVA EXTRATIVISTA DE SÃO JOÃO DA PONTA;0000.00.0228;2002;3409,49367217672;124576,1649;DEC S/N, de 13/12/2002;Federal;RESEX;US;PA;AMAZÔNIA;AMAZÔNIA;GR1;23S;Dado não disponível;Dado não disponível;ICMBio Salgado Paraense
RESERVA EXTRATIVISTA DO ALTO JURUÁ;0000.00.1517;1990;537949,35927024900;451057,7768;DEC 98.863, de 23/01/1990;Federal;RESEX;US;AC;AMAZÔNIA;AMAZÔNIA;GR1;18S;Dado não disponível;Dado não disponível;ICMBio Cruzeiro do Sul
RESERVA EXTRATIVISTA DO ALTO TARAUACÁ;0000.00.0274;2000;154133,84562762200;297249,9216;DEC S/N, de 8/11/2000;Federal;RESEX;US;AC;AMAZÔNIA;AMAZÔNIA;GR1;19S;Dado não disponível;Dado não disponível;ICMBio Alto Tarauacá-Santa Rosa do Purus
RESERVA EXTRATIVISTA DO BAIXO JURUÁ;0000.00.0230;2001;178038,92160844900;292301,5306;DEC S/N, de 01/08/2001;Federal;RESEX;US;AM;AMAZÔNIA;AMAZÔNIA;GR1;20S;Dado não disponível;Dado não disponível;ICMBio Tefé
RESERVA EXTRATIVISTA DO BATOQUE;0000.00.0231;2005;601,44684396533;13514,4465;DEC S/N, de 05/06/2003;Federal;RESEX;US;CE;CAATINGA;CAATINGA;GR2;24S;Dado não disponível;Dado não disponível;ICMBio Batoque-Prainha
RESERVA EXTRATIVISTA DO CAZUMBÁ-IRACEMA;0000.00.0232;2002;754987,09842166500;605236,9971;DEC S/N, de 19/10/2002;Federal;RESEX;US;AC;AMAZÔNIA;AMAZÔNIA;GR1;19S;Dado não disponível;Dado não disponível;ICMBio Sena Madureira
RESERVA EXTRATIVISTA DO CIRIACO;0000.00.1519;1992;8106,63063700260;53882,1017;DEC S/N, de 17/06/2010;Federal;RESEX;US;MA;AMAZÔNIA;AMAZÔNIA;GR2;23S;Dado não disponível;Dado não disponível;ICMBio Imperatriz
RESERVA EXTRATIVISTA DO EXTREMO NORTE DO ESTADO DO TOCANTINS;0000.00.0240;1992;9070,60313813400;47769,5655;DEC 535, de 20/05/1992;Federal;RESEX;US;TO;AMAZÔNIA;CERRADO;GR2;22S;Dado não disponível;Dado não disponível;ICMBio Imperatriz
RESERVA EXTRATIVISTA DO LAGO DO CAPANÃ GRANDE;0000.00.0242;2004;305080,98100782400;455665,1301;DEC S/N, de  03/06/2004;Federal;RESEX;US;AM;AMAZÔNIA;AMAZÔNIA;GR1;20S;Dado não disponível;Dado não disponível;Não nucleada
RESERVA EXTRATIVISTA DO LAGO DO CUNIÃ;0000.00.0233;1999;76411,70579267510;205000,2527;"DEC 3.238, de 10/11/1999 ; DEC 9.638, de 26/12/2019";Federal;RESEX;US;RO;AMAZONIA;AMAZÔNIA;GR1;20S;Dado não disponível;Dado não disponível;ICMBio Cuniã-Jacundá
RESERVA EXTRATIVISTA DO MANDIRA;0000.00.0234;2002;1177,81099791031;35995,1548;DEC S/N, de 13/12/2002;Federal;RESEX;US;SP;MATA ATLÂNTICA;MATA ATLÂNTICA;GR4;22S;Dado não disponível;Dado não disponível;ICMBio Iguape
RESERVA EXTRATIVISTA DO MÉDIO JURUÁ;0000.00.0235;1997;286954,80688403800;388643,2203;"DEC S/N, de 04/03/1997 ; DEC S/N, de 13/10/2014";Federal;RESEX;US;AM;AMAZÔNIA;AMAZÔNIA;GR1;19S;Dado não disponível;Dado não disponível;Não nucleada
RESERVA EXTRATIVISTA DO MÉDIO PURÁS;0000.00.1606;2008;600555,10304144000;1189793,2542;DEC S/N, de 08/05/2008;Federal;RESEX;US;AM;AMAZÔNIA;AMAZÔNIA;GR1;19S e 20S;Dado não disponível;Dado não disponível;ICMBio Lábrea
RESERVA EXTRATIVISTA DO QUILOMBO FLEXAL;0000.00.1520;1992;9338,45122600393;45292,6636;DEC 536, de 20/05/1992;Federal;RESEX;US;MA;AMAZÔNIA;AMAZÔNIA;GR1;23S;Dado não disponível;Dado não disponível;ICMBio São Luís
RESERVA EXTRATIVISTA DO RIO CAJARI;0000.00.1518;1990;532404,51054227200;366856,5976;DEC 99.145, de 12/03/1990;Federal;RESEX;US;AP;AMAZÔNIA;AMAZÔNIA;GR1;22S;Dado não disponível;Dado não disponível;Não nucleada
RESERVA EXTRATIVISTA DO RIO DO CAUTÁRIO;0000.00.0238;2001;75125,49618065470;209077,8309;DEC S/N, de 07/08/2001;Federal;RESEX;US;RO;AMAZÔNIA;AMAZÔNIA;GR1;20S;Dado não disponível;Dado não disponível;ICMBio Cautário-Guaporé
RESERVA EXTRATIVISTA DO RIO JUTAÍ;0000.00.0239;2002;275515,82333383600;421755,3804;DEC S/N, de 16/07/2002;Federal;RESEX;US;AM;AMAZÔNIA;AMAZÔNIA;GR1;19S;Dado não disponível;Dado não disponível;ICMBio Tefé
RESERVA EXTRATIVISTA DO RIO OURO PRETO;0000.00.0256;1990;204632,81229347000;425683,8787;DEC 99.166, de 13/03/1990;Federal;RESEX;US;RO;AMAZÔNIA;AMAZÔNIA;GR1;20S;Dado não disponível;Dado não disponível;ICMBio Guajará-Mirim
RESERVA EXTRATIVISTA GURUPÁ-MELGAÇO;0000.00.0288;2006;145574,10829754000;223289,7813;DEC S/N, de 30/11/2006;Federal;RESEX;US;PA;AMAZÔNIA;AMAZÔNIA;GR1;22S;Dado não disponível;Dado não disponível;Não nucleada
RESERVA EXTRATIVISTA IPAÁ-ANILZINHO;0000.00.0241;2005;55835,01212811200;117174,2583;DEC S/N, de 14/06/2005;Federal;RESEX;US;PA;AMAZÔNIA;AMAZÔNIA;GR1;22S;Dado não disponível;Dado não disponível;Não nucleada
RESERVA EXTRATIVISTA ITAPETININGA;0000.00.3651;2018;16294,17443232870;90360,2419;DEC 9.333 de 05/04/2018;Federal;RESEX;US;MA;MARINHO COSTEIRO;MARINHO COSTEIRO;GR1;23S;Dado não disponível;Dado não disponível;ICMBio São Luís
RESERVA EXTRATIVISTA ITUXÍ;0000.00.1628;2008;777387,02199000700;790956,0129;DEC S/N, de 05/06/2008;Federal;RESEX;US;AM;AMAZÔNIA;AMAZÔNIA;GR1;20S;Dado não disponível;Dado não disponível;ICMBio Lábrea
RESERVA EXTRATIVISTA LAGO DO CEDRO;0000.00.0287;2006;17178,05066374520;75362,9377;DEC S/N,de 11/09/2006;Federal;RESEX;US;GO;CERRADO;CERRADO;GR3;22S;Dado não disponível;Dado não disponível;ICMBio Meandros do Araguaia
RESERVA EXTRATIVISTA MÃE GRANDE DE CURUÇÁ;0000.00.0243;2002;36678,78096782590;437571,1966;DEC S/N, de 13/12/2002;Federal;RESEX;US;PA;AMAZÔNIA;AMAZÔNIA;GR1;23S;Dado não disponível;Dado não disponível;ICMBio Salgado Paraense
RESERVA EXTRATIVISTA MAPUÁ;0000.00.0244;2005;93747,66074113260;233152,6733;DEC S/N, de 20/05/2005;Federal;RESEX;US;PA;AMAZÔNIA;AMAZÔNIA;GR1;22S;Dado não disponível;Dado não disponível;ICMBio Breves
RESERVA EXTRATIVISTA MARACANÃ;0000.00.0227;2002;30179,64519419740;577110,4546;DEC S/N, de 13/12/2002;Federal;RESEX;US;PA;AMAZÔNIA;AMAZÔNIA;GR1;23S;Dado não disponível;Dado não disponível;ICMBio Salgado Paraense
RESERVA EXTRATIVISTA MARINHA CUINARANA;0000.00.3134;2014;11036,41093413150;214757,2768;DEC S/N, de 10/10/2014;Federal;RESEX;US;PA;AMAZÔNIA;AMAZÔNIA;GR1;23S;Dado não disponível;Dado não disponível;ICMBio Salgado Paraense
RESERVA EXTRATIVISTA MARINHA DA BAIA DO IGUAPE;0000.00.0245;2000;10082,59099370590;164782,7687;"DEC S/N, de 11/08/2000; LEI 12.058, de 13/10/2009";Federal;RESEX;US;BA;MATA ATLÂNTICA;MATA ATLÂNTICA e MARINHO COSTEIRO;GR2;24S;Dado não disponível;Dado não disponível;Não nucleada
RESERVA EXTRATIVISTA MARINHA DA LAGOA DO JEQUIÁ;0000.00.0246;2001;10196,69349850820;115768,0083;DEC S/N, de 27/09/2001;Federal;RESEX;US;AL;MATA ATLÂNTICA;MATA ATLÂNTICA;GR2;25S;Dado não disponível;Dado não disponível;Não nucleada
RESERVA EXTRATIVISTA MARINHA DE ARAÍ-PEROBA;0000.00.0247;2005;62578,11556832230;231958,9646;"DEC S/N, de 20/05/2005; DEC S/N, de 10/10/2014";Federal;RESEX;US;PA;AMAZÔNIA;AMAZÔNIA e MARINHO COSTEIRO;GR1;23S;Dado não disponível;Dado não disponível;ICMBio Bragança
RESERVA EXTRATIVISTA MARINHA DE CAETÉ-TAPERAÇU;0000.00.0248;2005;42489,80626553610;164683,3839;DEC S/N, de 20/05/2005;Federal;RESEX;US;PA;AMAZÔNIA;AMAZÔNIA;GR1;23S;Dado não disponível;Dado não disponível;ICMBio Bragança
RESERVA EXTRATIVISTA MARINHA DE GURUPI-PIRIÁ;0000.00.0249;2005;72789,92842190050;328031,8873;DEC S/N, de 20/05/2005;Federal;RESEX;US;PA;AMAZÔNIA;AMAZÔNIA;GR1;23S;Dado não disponível;Dado não disponível;ICMBio Bragança
RESERVA EXTRATIVISTA MARINHA DE SOURE;0000.00.0254;2001;29578,79586918560;283551,9933;DEC de 22/11/2001;Federal;RESEX;US;PA;AMAZÔNIA;AMAZÔNIA;GR1;22S;Dado não disponível;Dado não disponível;Não nucleada
RESERVA EXTRATIVISTA MARINHA DE TRACUATEUA;0000.00.0250;2005;27864,50156477650;145105,5346;DEC S/N, de 20/05/2005;Federal;RESEX;US;PA;AMAZÔNIA;AMAZÔNIA;GR1;23S;Dado não disponível;Dado não disponível;ICMBio Bragança
RESERVA EXTRATIVISTA MARINHA DO ARRAIAL DO CABO;0000.00.0251;1997;51890,52572214960;51890,5257;DEC S/N, de 03/01/1997;Federal;RESEX;US;RJ;MATA ATLÂNTICA;MATA ATLÂNTICA;GR4;23S;Dado não disponível;Dado não disponível;Não nucleada
RESERVA EXTRATIVISTA MARINHA DO CORUMBAU;0000.00.0252;2000;89996,76245335960;181734,9950;DEC S/N, de 21/09/2000;Federal;RESEX;US;BA;MARINHO COSTEIRO;MARINHO COSTEIRO;GR2;24S;Dado não disponível;Dado não disponível;Não nucleada
RESERVA EXTRATIVISTA MARINHA DO DELTA DO PARNAÍBA;0000.00.0225;2000;27022,07341927270;105065,1399;DEC S/N, de 16/11/2000;Federal;RESEX;US;MA/PI;CERRADO;CERRADO e MARINHO COSTEIRO;GR2;24S;Dado não disponível;Dado não disponível;Não nucleada
RESERVA EXTRATIVISTA MARINHA DO PIRAJUBAÉ;0000.00.0255;1992;1686,86614272498;27378,0190;DEC 533, de 20/05/1992;Federal;RESEX;US;SC;MATA ATLÂNTICA;MATA ATLÂNTICA e MARINHO COSTEIRO;GR5;22S;Dado não disponível;Dado não disponível;ICMBio Florianópolis
RESERVA EXTRATIVISTA MARINHA MESTRE LUCINDO;0000.00.3133;2014;26464,87854464900;314548,5737;DEC S/N, de 10/10/2014;Federal;RESEX;US;PA;AMAZÔNIA;AMAZÔNIA e MARINHO COSTEIRO;GR1;23S;Dado não disponível;Dado não disponível;ICMBio Salgado Paraense
RESERVA EXTRATIVISTA MARINHA MOCAPAJUBA;0000.00.3132;2014;21027,79668748580;173445,6067;DEC S/N, de 10/10/2014;Federal;RESEX;US;PA;AMAZÔNIA;AMAZÔNIA;GR1;22S e 23S;Dado não disponível;Dado não disponível;ICMBio Salgado Paraense
RESERVA EXTRATIVISTA MATA GRANDE;0000.00.0226;1992;11431,66164410940;58521,6192;DEC 532, de 20/05/1992;Federal;RESEX;US;MA;CERRADO;AMAZÔNIA Port 96 MMA;GR2;23S;Dado não disponível;Dado não disponível;ICMBio Imperatriz
RESERVA EXTRATIVISTA PRAINHA DO CANTO VERDE;0000.00.1809;2009;29805,48193665720;82389,1574;DEC S/N, de 05/06/2009;Federal;RESEX;US;CE;MARINHO COSTEIRO;MARINHO COSTEIRO;GR2;24S;Dado não disponível;Dado não disponível;ICMBio Batoque-Prainha
RESERVA EXTRATIVISTA RENASCER;0000.00.1810;2009;209667,37373733200;234967,8108;DEC S/N, de 05/06/2009;Federal;RESEX;US;PA;AMAZÔNIA;AMAZÔNIA;GR1;22S;Dado não disponível;Dado não disponível;Não nucleada
RESERVA EXTRATIVISTA RIO IRIRI;0000.00.0280;2006;398997,61222639700;544761,2777;DEC S/N, de 05/06/2006;Federal;RESEX;US;PA;AMAZÔNIA;AMAZÔNIA;GR1;21S e 22S;Dado não disponível;Dado não disponível;ICMBio Terra do Meio
RESERVA EXTRATIVISTA RIO UNINI;0000.00.0283;2006;849693,34987245600;1232454,6717;"DEC S/N, de 21/06/2006 
";Federal;RESEX;US;AM;AMAZÔNIA;AMAZÔNIA;GR1;20S;Dado não disponível;Dado não disponível;ICMBio Novo Airão
RESERVA EXTRATIVISTA RIO XINGU;0000.00.1635;2008;303004,70347454500;374683,4491;DEC S/N, de 05/06/2008;Federal;RESEX;US;PA;AMAZÔNIA;AMAZÔNIA;GR1;22S;Dado não disponível;Dado não disponível;ICMBio Terra do Meio
RESERVA EXTRATIVISTA RIOZINHO DA LIBERDADE;0000.00.0257;2005;324905,93240116200;399033,2311;DEC S/N, de 17/02/2005;Federal;RESEX;US;AC/AM;AMAZÔNIA;AMAZÔNIA;GR1;18S;Dado não disponível;Dado não disponível;ICMBio Cruzeiro do Sul
RESERVA EXTRATIVISTA RIOZINHO DO ANFRÍSIO;0000.00.0258;2004;737088,86799158200;493043,5240;DEC S/N, de 08/11/2004;Federal;RESEX;US;PA;AMAZÔNIA;AMAZÔNIA;GR1;21S;Dado não disponível;Dado não disponível;ICMBio Terra do Meio
RESERVA EXTRATIVISTA TAPAJÓS-ARAPIUNS;0000.00.0259;1998;677521,47362785500;600011,4590;DEC S/N, de 06/11/1998;Federal;RESEX;US;PA;AMAZÔNIA;AMAZÔNIA;GR1;21S;Dado não disponível;Dado não disponível;Não nucleada
RESERVA EXTRATIVISTA TERRA GRANDE-PRACUÁBA;0000.00.0282;2006;194870,37744668600;272814,3403;DEC S/N, de 05/06/2006;Federal;RESEX;US;PA;AMAZÔNIA;AMAZÔNIA;GR1;22S;Dado não disponível;Dado não disponível;ICMBio Breves
RESERVA EXTRATIVISTA VERDE PARA SEMPRE;0000.00.0260;2004;1289379,74243020000;559114,3967;DEC S/N, de 08/11/2004;Federal;RESEX;US;PA;AMAZÔNIA;AMAZÔNIA;GR1;22S;Dado não disponível;Dado não disponível;Não nucleada
